2026-04-07 22:48:37,542 INFO o.a.j.u.JMeterUtils: Setting Locale to en_EN
2026-04-07 22:48:37,560 INFO o.a.j.JMeter: Loading user properties from: user.properties
2026-04-07 22:48:37,560 INFO o.a.j.JMeter: Loading system properties from: system.properties
2026-04-07 22:48:37,566 INFO o.a.j.JMeter: Copyright (c) 1998-2024 The Apache Software Foundation
2026-04-07 22:48:37,566 INFO o.a.j.JMeter: Version 5.6.3
2026-04-07 22:48:37,566 INFO o.a.j.JMeter: java.version=20.0.2
2026-04-07 22:48:37,566 INFO o.a.j.JMeter: java.vm.name=Java HotSpot(TM) 64-Bit Server VM
2026-04-07 22:48:37,566 INFO o.a.j.JMeter: os.name=Windows 11
2026-04-07 22:48:37,566 INFO o.a.j.JMeter: os.arch=amd64
2026-04-07 22:48:37,566 INFO o.a.j.JMeter: os.version=10.0
2026-04-07 22:48:37,571 INFO o.a.j.JMeter: file.encoding=UTF-8
2026-04-07 22:48:37,571 INFO o.a.j.JMeter: java.awt.headless=null
2026-04-07 22:48:37,571 INFO o.a.j.JMeter: Max memory     =1073741824
2026-04-07 22:48:37,571 INFO o.a.j.JMeter: Available Processors =8
2026-04-07 22:48:37,587 INFO o.a.j.JMeter: Default Locale=English (EN)
2026-04-07 22:48:37,587 INFO o.a.j.JMeter: JMeter  Locale=English (EN)
2026-04-07 22:48:37,587 INFO o.a.j.JMeter: JMeterHome=C:\Users\eadic\MSSE640\Week4Project\Jmeter\apache-jmeter-5.6.3
2026-04-07 22:48:37,587 INFO o.a.j.JMeter: user.dir  =C:\Users\eadic\MSSE640\Week4Project\Jmeter\apache-jmeter-5.6.3\bin
2026-04-07 22:48:37,587 INFO o.a.j.JMeter: PWD       =C:\Users\eadic\MSSE640\Week4Project\Jmeter\apache-jmeter-5.6.3\bin
2026-04-07 22:48:37,587 INFO o.a.j.JMeter: IP: 10.0.0.41 Name: EDTUFDashF15 FullName: host.docker.internal
2026-04-07 22:48:37,599 INFO o.a.j.JMeter: Loaded icon properties from org/apache/jmeter/images/icon.properties
2026-04-07 22:48:37,999 INFO o.a.j.JMeterGuiLauncher: Setting LAF to: com.github.weisj.darklaf.DarkLaf:com.github.weisj.darklaf.theme.DarculaTheme
2026-04-07 22:50:12,595 INFO o.a.j.s.FileServer: Default base='C:\Users\eadic\MSSE640\Week4Project\Jmeter\apache-jmeter-5.6.3\bin'
2026-04-07 22:50:12,595 INFO o.a.j.g.a.Load: Loading file: C:\Users\eadic\RouteApp\jmeter\routeapp-tests.jmx
2026-04-07 22:50:12,595 INFO o.a.j.s.FileServer: Set new base='C:\Users\eadic\RouteApp\jmeter'
2026-04-07 22:50:12,768 INFO o.a.j.s.SaveService: Testplan (JMX) version: 2.2. Testlog (JTL) version: 2.2
2026-04-07 22:50:12,799 INFO o.a.j.s.SaveService: Using SaveService properties version 5.0
2026-04-07 22:50:12,799 INFO o.a.j.s.SaveService: Using SaveService properties file encoding UTF-8
2026-04-07 22:50:12,804 INFO o.a.j.s.SaveService: Loading file: C:\Users\eadic\RouteApp\jmeter\routeapp-tests.jmx
2026-04-07 22:50:12,831 INFO o.a.j.p.h.s.HTTPSamplerBase: Parser for text/html is org.apache.jmeter.protocol.http.parser.LagartoBasedHtmlParser
2026-04-07 22:50:12,831 INFO o.a.j.p.h.s.HTTPSamplerBase: Parser for application/xhtml+xml is org.apache.jmeter.protocol.http.parser.LagartoBasedHtmlParser
2026-04-07 22:50:12,831 INFO o.a.j.p.h.s.HTTPSamplerBase: Parser for application/xml is org.apache.jmeter.protocol.http.parser.LagartoBasedHtmlParser
2026-04-07 22:50:12,831 INFO o.a.j.p.h.s.HTTPSamplerBase: Parser for text/xml is org.apache.jmeter.protocol.http.parser.LagartoBasedHtmlParser
2026-04-07 22:50:12,831 INFO o.a.j.p.h.s.HTTPSamplerBase: Parser for text/vnd.wap.wml is org.apache.jmeter.protocol.http.parser.RegexpHTMLParser
2026-04-07 22:50:12,831 INFO o.a.j.p.h.s.HTTPSamplerBase: Parser for text/css is org.apache.jmeter.protocol.http.parser.CssParser
2026-04-07 22:50:13,067 INFO o.a.j.s.SampleResult: Note: Sample TimeStamps are START times
2026-04-07 22:50:13,067 INFO o.a.j.s.SampleResult: sampleresult.default.encoding is set to UTF-8
2026-04-07 22:50:13,067 INFO o.a.j.s.SampleResult: sampleresult.useNanoTime=true
2026-04-07 22:50:13,067 INFO o.a.j.s.SampleResult: sampleresult.nanoThreadSleep=5000
2026-04-07 22:50:13,418 INFO o.a.j.s.FileServer: Set new base='C:\Users\eadic\RouteApp\jmeter'
2026-04-07 23:08:52,704 INFO o.a.j.e.StandardJMeterEngine: Running the test!
2026-04-07 23:08:52,712 INFO o.a.j.s.SampleEvent: List of sample_variables: []
2026-04-07 23:08:52,712 INFO o.a.j.s.SampleEvent: List of sample_variables: []
2026-04-07 23:08:52,713 INFO o.a.j.e.u.CompoundVariable: Note: Function class names must contain the string: '.functions.'
2026-04-07 23:08:52,713 INFO o.a.j.e.u.CompoundVariable: Note: Function class names must not contain the string: '.gui.'
2026-04-07 23:08:52,769 INFO o.a.j.e.StandardJMeterEngine: Running the test!
2026-04-07 23:08:52,769 INFO o.a.j.s.SampleEvent: List of sample_variables: []
2026-04-07 23:08:52,787 INFO o.a.j.g.u.JMeterMenuBar: setRunning(true, *local*)
2026-04-07 23:08:52,787 INFO o.a.j.g.u.JMeterMenuBar: setRunning(true, *local*)
2026-04-07 23:08:52,835 INFO o.a.j.e.StandardJMeterEngine: Starting ThreadGroup: 1 : Load Test - Peak Load (50 Users)
2026-04-07 23:08:52,835 INFO o.a.j.e.StandardJMeterEngine: Starting 50 threads for group Load Test - Peak Load (50 Users).
2026-04-07 23:08:52,835 INFO o.a.j.e.StandardJMeterEngine: Thread will continue on error
2026-04-07 23:08:52,835 INFO o.a.j.t.ThreadGroup: Starting thread group... number=1 threads=50 ramp-up=60 delayedStart=false
2026-04-07 23:08:52,835 INFO o.a.j.e.StandardJMeterEngine: Starting ThreadGroup: 1 : Load Test - Peak Load (50 Users)
2026-04-07 23:08:52,835 INFO o.a.j.e.StandardJMeterEngine: Starting 50 threads for group Load Test - Peak Load (50 Users).
2026-04-07 23:08:52,835 INFO o.a.j.e.StandardJMeterEngine: Thread will continue on error
2026-04-07 23:08:52,835 INFO o.a.j.t.ThreadGroup: Starting thread group... number=1 threads=50 ramp-up=60 delayedStart=false
2026-04-07 23:08:52,837 INFO o.a.j.t.JMeterThread: Thread started: Load Test - Peak Load (50 Users) 1-1
2026-04-07 23:08:52,840 INFO o.a.j.t.JMeterThread: Thread started: Load Test - Peak Load (50 Users) 1-1
2026-04-07 23:08:52,865 INFO o.a.j.t.ThreadGroup: Started thread group number 1
2026-04-07 23:08:52,865 INFO o.a.j.e.StandardJMeterEngine: Starting ThreadGroup: 2 : Demo Endurance Test - 5 Min (Assignment Screenshots)
2026-04-07 23:08:52,865 INFO o.a.j.e.StandardJMeterEngine: Starting 10 threads for group Demo Endurance Test - 5 Min (Assignment Screenshots).
2026-04-07 23:08:52,865 INFO o.a.j.e.StandardJMeterEngine: Thread will continue on error
2026-04-07 23:08:52,865 INFO o.a.j.t.ThreadGroup: Starting thread group... number=2 threads=10 ramp-up=30 delayedStart=false
2026-04-07 23:08:52,867 INFO o.a.j.t.ThreadGroup: Started thread group number 1
2026-04-07 23:08:52,867 INFO o.a.j.e.StandardJMeterEngine: Starting ThreadGroup: 2 : Demo Endurance Test - 5 Min (Assignment Screenshots)
2026-04-07 23:08:52,867 INFO o.a.j.e.StandardJMeterEngine: Starting 10 threads for group Demo Endurance Test - 5 Min (Assignment Screenshots).
2026-04-07 23:08:52,867 INFO o.a.j.e.StandardJMeterEngine: Thread will continue on error
2026-04-07 23:08:52,867 INFO o.a.j.t.ThreadGroup: Starting thread group... number=2 threads=10 ramp-up=30 delayedStart=false
2026-04-07 23:08:52,868 INFO o.a.j.t.JMeterThread: Thread is done: Load Test - Peak Load (50 Users) 1-1
2026-04-07 23:08:52,868 INFO o.a.j.t.JMeterThread: Thread finished: Load Test - Peak Load (50 Users) 1-1
2026-04-07 23:08:52,868 INFO o.a.j.t.ThreadGroup: Started thread group number 2
2026-04-07 23:08:52,870 INFO o.a.j.e.StandardJMeterEngine: All thread groups have been started
2026-04-07 23:08:52,870 INFO o.a.j.t.JMeterThread: Thread is done: Load Test - Peak Load (50 Users) 1-1
2026-04-07 23:08:52,870 INFO o.a.j.t.JMeterThread: Thread finished: Load Test - Peak Load (50 Users) 1-1
2026-04-07 23:08:52,871 INFO o.a.j.t.JMeterThread: Thread started: Demo Endurance Test - 5 Min (Assignment Screenshots) 2-1
2026-04-07 23:08:52,871 INFO o.a.j.t.ThreadGroup: Started thread group number 2
2026-04-07 23:08:52,871 INFO o.a.j.e.StandardJMeterEngine: All thread groups have been started
2026-04-07 23:08:52,871 INFO o.a.j.t.JMeterThread: Thread started: Demo Endurance Test - 5 Min (Assignment Screenshots) 2-1
2026-04-07 23:08:54,039 INFO o.a.j.t.JMeterThread: Thread started: Load Test - Peak Load (50 Users) 1-2
2026-04-07 23:08:54,043 INFO o.a.j.t.JMeterThread: Thread started: Load Test - Peak Load (50 Users) 1-2
2026-04-07 23:08:54,045 INFO o.a.j.t.JMeterThread: Thread is done: Load Test - Peak Load (50 Users) 1-2
2026-04-07 23:08:54,045 INFO o.a.j.t.JMeterThread: Thread finished: Load Test - Peak Load (50 Users) 1-2
2026-04-07 23:08:54,047 INFO o.a.j.t.JMeterThread: Thread is done: Load Test - Peak Load (50 Users) 1-2
2026-04-07 23:08:54,047 INFO o.a.j.t.JMeterThread: Thread finished: Load Test - Peak Load (50 Users) 1-2
2026-04-07 23:08:55,239 INFO o.a.j.t.JMeterThread: Thread started: Load Test - Peak Load (50 Users) 1-3
2026-04-07 23:08:55,242 INFO o.a.j.t.JMeterThread: Thread started: Load Test - Peak Load (50 Users) 1-3
2026-04-07 23:08:55,242 INFO o.a.j.t.JMeterThread: Thread is done: Load Test - Peak Load (50 Users) 1-3
2026-04-07 23:08:55,243 INFO o.a.j.t.JMeterThread: Thread finished: Load Test - Peak Load (50 Users) 1-3
2026-04-07 23:08:55,244 INFO o.a.j.t.JMeterThread: Thread is done: Load Test - Peak Load (50 Users) 1-3
2026-04-07 23:08:55,245 INFO o.a.j.t.JMeterThread: Thread finished: Load Test - Peak Load (50 Users) 1-3
2026-04-07 23:08:55,871 INFO o.a.j.t.JMeterThread: Thread started: Demo Endurance Test - 5 Min (Assignment Screenshots) 2-2
2026-04-07 23:08:55,871 INFO o.a.j.t.JMeterThread: Thread started: Demo Endurance Test - 5 Min (Assignment Screenshots) 2-2
2026-04-07 23:08:56,441 INFO o.a.j.t.JMeterThread: Thread started: Load Test - Peak Load (50 Users) 1-4
2026-04-07 23:08:56,442 INFO o.a.j.t.JMeterThread: Thread started: Load Test - Peak Load (50 Users) 1-4
2026-04-07 23:08:56,443 INFO o.a.j.t.JMeterThread: Thread is done: Load Test - Peak Load (50 Users) 1-4
2026-04-07 23:08:56,443 INFO o.a.j.t.JMeterThread: Thread finished: Load Test - Peak Load (50 Users) 1-4
2026-04-07 23:08:56,443 INFO o.a.j.t.JMeterThread: Thread is done: Load Test - Peak Load (50 Users) 1-4
2026-04-07 23:08:56,443 INFO o.a.j.t.JMeterThread: Thread finished: Load Test - Peak Load (50 Users) 1-4
2026-04-07 23:08:57,639 INFO o.a.j.t.JMeterThread: Thread started: Load Test - Peak Load (50 Users) 1-5
2026-04-07 23:08:57,641 INFO o.a.j.t.JMeterThread: Thread is done: Load Test - Peak Load (50 Users) 1-5
2026-04-07 23:08:57,641 INFO o.a.j.t.JMeterThread: Thread finished: Load Test - Peak Load (50 Users) 1-5
2026-04-07 23:08:57,643 INFO o.a.j.t.JMeterThread: Thread started: Load Test - Peak Load (50 Users) 1-5
2026-04-07 23:08:57,643 INFO o.a.j.t.JMeterThread: Thread is done: Load Test - Peak Load (50 Users) 1-5
2026-04-07 23:08:57,643 INFO o.a.j.t.JMeterThread: Thread finished: Load Test - Peak Load (50 Users) 1-5
2026-04-07 23:08:58,841 INFO o.a.j.t.JMeterThread: Thread started: Load Test - Peak Load (50 Users) 1-6
2026-04-07 23:08:58,841 INFO o.a.j.t.JMeterThread: Thread started: Load Test - Peak Load (50 Users) 1-6
2026-04-07 23:08:58,843 INFO o.a.j.t.JMeterThread: Thread is done: Load Test - Peak Load (50 Users) 1-6
2026-04-07 23:08:58,843 INFO o.a.j.t.JMeterThread: Thread finished: Load Test - Peak Load (50 Users) 1-6
2026-04-07 23:08:58,843 INFO o.a.j.t.JMeterThread: Thread is done: Load Test - Peak Load (50 Users) 1-6
2026-04-07 23:08:58,843 INFO o.a.j.t.JMeterThread: Thread finished: Load Test - Peak Load (50 Users) 1-6
2026-04-07 23:08:58,870 INFO o.a.j.t.JMeterThread: Thread started: Demo Endurance Test - 5 Min (Assignment Screenshots) 2-3
2026-04-07 23:08:58,872 INFO o.a.j.t.JMeterThread: Thread started: Demo Endurance Test - 5 Min (Assignment Screenshots) 2-3
2026-04-07 23:09:00,041 INFO o.a.j.t.JMeterThread: Thread started: Load Test - Peak Load (50 Users) 1-7
2026-04-07 23:09:00,043 INFO o.a.j.r.Summariser: Summary Report - Load +     61 in 00:00:07 =    8.4/s Avg:     0 Min:     0 Max:     0 Err:    61 (100.00%) Active: 7 Started: 19 Finished: 12
2026-04-07 23:09:00,045 INFO o.a.j.t.JMeterThread: Thread is done: Load Test - Peak Load (50 Users) 1-7
2026-04-07 23:09:00,045 INFO o.a.j.t.JMeterThread: Thread finished: Load Test - Peak Load (50 Users) 1-7
2026-04-07 23:09:00,045 INFO o.a.j.t.JMeterThread: Thread started: Load Test - Peak Load (50 Users) 1-7
2026-04-07 23:09:00,045 INFO o.a.j.t.JMeterThread: Thread is done: Load Test - Peak Load (50 Users) 1-7
2026-04-07 23:09:00,045 INFO o.a.j.t.JMeterThread: Thread finished: Load Test - Peak Load (50 Users) 1-7
2026-04-07 23:09:00,872 INFO o.a.j.r.Summariser: Summary Report - Demo Endurance +     11 in 00:00:08 =    1.4/s Avg:     0 Min:     0 Max:     0 Err:    11 (100.00%) Active: 6 Started: 20 Finished: 14
2026-04-07 23:09:01,241 INFO o.a.j.t.JMeterThread: Thread started: Load Test - Peak Load (50 Users) 1-8
2026-04-07 23:09:01,242 INFO o.a.j.t.JMeterThread: Thread started: Load Test - Peak Load (50 Users) 1-8
2026-04-07 23:09:01,243 INFO o.a.j.t.JMeterThread: Thread is done: Load Test - Peak Load (50 Users) 1-8
2026-04-07 23:09:01,244 INFO o.a.j.t.JMeterThread: Thread finished: Load Test - Peak Load (50 Users) 1-8
2026-04-07 23:09:01,244 INFO o.a.j.t.JMeterThread: Thread is done: Load Test - Peak Load (50 Users) 1-8
2026-04-07 23:09:01,244 INFO o.a.j.t.JMeterThread: Thread finished: Load Test - Peak Load (50 Users) 1-8
2026-04-07 23:09:01,871 INFO o.a.j.t.JMeterThread: Thread started: Demo Endurance Test - 5 Min (Assignment Screenshots) 2-4
2026-04-07 23:09:01,871 INFO o.a.j.t.JMeterThread: Thread started: Demo Endurance Test - 5 Min (Assignment Screenshots) 2-4
2026-04-07 23:09:02,439 INFO o.a.j.t.JMeterThread: Thread started: Load Test - Peak Load (50 Users) 1-9
2026-04-07 23:09:02,442 INFO o.a.j.t.JMeterThread: Thread is done: Load Test - Peak Load (50 Users) 1-9
2026-04-07 23:09:02,442 INFO o.a.j.t.JMeterThread: Thread finished: Load Test - Peak Load (50 Users) 1-9
2026-04-07 23:09:02,444 INFO o.a.j.t.JMeterThread: Thread started: Load Test - Peak Load (50 Users) 1-9
2026-04-07 23:09:02,444 INFO o.a.j.t.JMeterThread: Thread is done: Load Test - Peak Load (50 Users) 1-9
2026-04-07 23:09:02,444 INFO o.a.j.t.JMeterThread: Thread finished: Load Test - Peak Load (50 Users) 1-9
2026-04-07 23:09:03,641 INFO o.a.j.t.JMeterThread: Thread started: Load Test - Peak Load (50 Users) 1-10
2026-04-07 23:09:03,643 INFO o.a.j.t.JMeterThread: Thread is done: Load Test - Peak Load (50 Users) 1-10
2026-04-07 23:09:03,643 INFO o.a.j.t.JMeterThread: Thread finished: Load Test - Peak Load (50 Users) 1-10
2026-04-07 23:09:03,643 INFO o.a.j.t.JMeterThread: Thread started: Load Test - Peak Load (50 Users) 1-10
2026-04-07 23:09:03,649 INFO o.a.j.t.JMeterThread: Thread is done: Load Test - Peak Load (50 Users) 1-10
2026-04-07 23:09:03,649 INFO o.a.j.t.JMeterThread: Thread finished: Load Test - Peak Load (50 Users) 1-10
2026-04-07 23:09:04,840 INFO o.a.j.t.JMeterThread: Thread started: Load Test - Peak Load (50 Users) 1-11
2026-04-07 23:09:04,842 INFO o.a.j.t.JMeterThread: Thread is done: Load Test - Peak Load (50 Users) 1-11
2026-04-07 23:09:04,842 INFO o.a.j.t.JMeterThread: Thread finished: Load Test - Peak Load (50 Users) 1-11
2026-04-07 23:09:04,842 INFO o.a.j.t.JMeterThread: Thread started: Load Test - Peak Load (50 Users) 1-11
2026-04-07 23:09:04,844 INFO o.a.j.t.JMeterThread: Thread is done: Load Test - Peak Load (50 Users) 1-11
2026-04-07 23:09:04,844 INFO o.a.j.t.JMeterThread: Thread finished: Load Test - Peak Load (50 Users) 1-11
2026-04-07 23:09:04,869 INFO o.a.j.t.JMeterThread: Thread started: Demo Endurance Test - 5 Min (Assignment Screenshots) 2-5
2026-04-07 23:09:04,880 INFO o.a.j.t.JMeterThread: Thread started: Demo Endurance Test - 5 Min (Assignment Screenshots) 2-5
2026-04-07 23:09:06,043 INFO o.a.j.t.JMeterThread: Thread started: Load Test - Peak Load (50 Users) 1-12
2026-04-07 23:09:06,045 INFO o.a.j.t.JMeterThread: Thread is done: Load Test - Peak Load (50 Users) 1-12
2026-04-07 23:09:06,045 INFO o.a.j.t.JMeterThread: Thread finished: Load Test - Peak Load (50 Users) 1-12
2026-04-07 23:09:06,054 INFO o.a.j.t.JMeterThread: Thread started: Load Test - Peak Load (50 Users) 1-12
2026-04-07 23:09:06,054 INFO o.a.j.t.JMeterThread: Thread is done: Load Test - Peak Load (50 Users) 1-12
2026-04-07 23:09:06,054 INFO o.a.j.t.JMeterThread: Thread finished: Load Test - Peak Load (50 Users) 1-12
2026-04-07 23:09:07,241 INFO o.a.j.t.JMeterThread: Thread started: Load Test - Peak Load (50 Users) 1-13
2026-04-07 23:09:07,243 INFO o.a.j.t.JMeterThread: Thread is done: Load Test - Peak Load (50 Users) 1-13
2026-04-07 23:09:07,243 INFO o.a.j.t.JMeterThread: Thread finished: Load Test - Peak Load (50 Users) 1-13
2026-04-07 23:09:07,244 INFO o.a.j.t.JMeterThread: Thread started: Load Test - Peak Load (50 Users) 1-13
2026-04-07 23:09:07,245 INFO o.a.j.t.JMeterThread: Thread is done: Load Test - Peak Load (50 Users) 1-13
2026-04-07 23:09:07,246 INFO o.a.j.t.JMeterThread: Thread finished: Load Test - Peak Load (50 Users) 1-13
2026-04-07 23:09:07,869 INFO o.a.j.t.JMeterThread: Thread started: Demo Endurance Test - 5 Min (Assignment Screenshots) 2-6
2026-04-07 23:09:07,871 INFO o.a.j.t.JMeterThread: Thread started: Demo Endurance Test - 5 Min (Assignment Screenshots) 2-6
2026-04-07 23:09:08,440 INFO o.a.j.t.JMeterThread: Thread started: Load Test - Peak Load (50 Users) 1-14
2026-04-07 23:09:08,441 INFO o.a.j.t.JMeterThread: Thread is done: Load Test - Peak Load (50 Users) 1-14
2026-04-07 23:09:08,441 INFO o.a.j.t.JMeterThread: Thread finished: Load Test - Peak Load (50 Users) 1-14
2026-04-07 23:09:08,451 INFO o.a.j.t.JMeterThread: Thread started: Load Test - Peak Load (50 Users) 1-14
2026-04-07 23:09:08,451 INFO o.a.j.t.JMeterThread: Thread is done: Load Test - Peak Load (50 Users) 1-14
2026-04-07 23:09:08,451 INFO o.a.j.t.JMeterThread: Thread finished: Load Test - Peak Load (50 Users) 1-14
2026-04-07 23:09:09,642 INFO o.a.j.t.JMeterThread: Thread started: Load Test - Peak Load (50 Users) 1-15
2026-04-07 23:09:09,643 INFO o.a.j.t.JMeterThread: Thread is done: Load Test - Peak Load (50 Users) 1-15
2026-04-07 23:09:09,644 INFO o.a.j.t.JMeterThread: Thread finished: Load Test - Peak Load (50 Users) 1-15
2026-04-07 23:09:09,651 INFO o.a.j.t.JMeterThread: Thread started: Load Test - Peak Load (50 Users) 1-15
2026-04-07 23:09:09,651 INFO o.a.j.t.JMeterThread: Thread is done: Load Test - Peak Load (50 Users) 1-15
2026-04-07 23:09:09,651 INFO o.a.j.t.JMeterThread: Thread finished: Load Test - Peak Load (50 Users) 1-15
2026-04-07 23:09:10,844 INFO o.a.j.t.JMeterThread: Thread started: Load Test - Peak Load (50 Users) 1-16
2026-04-07 23:09:10,845 INFO o.a.j.t.JMeterThread: Thread is done: Load Test - Peak Load (50 Users) 1-16
2026-04-07 23:09:10,845 INFO o.a.j.t.JMeterThread: Thread finished: Load Test - Peak Load (50 Users) 1-16
2026-04-07 23:09:10,851 INFO o.a.j.t.JMeterThread: Thread started: Load Test - Peak Load (50 Users) 1-16
2026-04-07 23:09:10,852 INFO o.a.j.t.JMeterThread: Thread is done: Load Test - Peak Load (50 Users) 1-16
2026-04-07 23:09:10,852 INFO o.a.j.t.JMeterThread: Thread finished: Load Test - Peak Load (50 Users) 1-16
2026-04-07 23:09:10,870 INFO o.a.j.t.JMeterThread: Thread started: Demo Endurance Test - 5 Min (Assignment Screenshots) 2-7
2026-04-07 23:09:10,870 INFO o.a.j.t.JMeterThread: Thread started: Demo Endurance Test - 5 Min (Assignment Screenshots) 2-7
2026-04-07 23:09:12,040 INFO o.a.j.t.JMeterThread: Thread started: Load Test - Peak Load (50 Users) 1-17
2026-04-07 23:09:12,042 INFO o.a.j.t.JMeterThread: Thread is done: Load Test - Peak Load (50 Users) 1-17
2026-04-07 23:09:12,042 INFO o.a.j.t.JMeterThread: Thread finished: Load Test - Peak Load (50 Users) 1-17
2026-04-07 23:09:12,051 INFO o.a.j.t.JMeterThread: Thread started: Load Test - Peak Load (50 Users) 1-17
2026-04-07 23:09:12,054 INFO o.a.j.t.JMeterThread: Thread is done: Load Test - Peak Load (50 Users) 1-17
2026-04-07 23:09:12,054 INFO o.a.j.t.JMeterThread: Thread finished: Load Test - Peak Load (50 Users) 1-17
2026-04-07 23:09:13,240 INFO o.a.j.t.JMeterThread: Thread started: Load Test - Peak Load (50 Users) 1-18
2026-04-07 23:09:13,245 INFO o.a.j.t.JMeterThread: Thread is done: Load Test - Peak Load (50 Users) 1-18
2026-04-07 23:09:13,245 INFO o.a.j.t.JMeterThread: Thread finished: Load Test - Peak Load (50 Users) 1-18
2026-04-07 23:09:13,252 INFO o.a.j.t.JMeterThread: Thread started: Load Test - Peak Load (50 Users) 1-18
2026-04-07 23:09:13,256 INFO o.a.j.t.JMeterThread: Thread is done: Load Test - Peak Load (50 Users) 1-18
2026-04-07 23:09:13,256 INFO o.a.j.t.JMeterThread: Thread finished: Load Test - Peak Load (50 Users) 1-18
2026-04-07 23:09:13,870 INFO o.a.j.t.JMeterThread: Thread started: Demo Endurance Test - 5 Min (Assignment Screenshots) 2-8
2026-04-07 23:09:13,870 INFO o.a.j.t.JMeterThread: Thread started: Demo Endurance Test - 5 Min (Assignment Screenshots) 2-8
2026-04-07 23:09:14,439 INFO o.a.j.t.JMeterThread: Thread started: Load Test - Peak Load (50 Users) 1-19
2026-04-07 23:09:14,444 INFO o.a.j.t.JMeterThread: Thread is done: Load Test - Peak Load (50 Users) 1-19
2026-04-07 23:09:14,444 INFO o.a.j.t.JMeterThread: Thread finished: Load Test - Peak Load (50 Users) 1-19
2026-04-07 23:09:14,459 INFO o.a.j.t.JMeterThread: Thread started: Load Test - Peak Load (50 Users) 1-19
2026-04-07 23:09:14,460 INFO o.a.j.t.JMeterThread: Thread is done: Load Test - Peak Load (50 Users) 1-19
2026-04-07 23:09:14,460 INFO o.a.j.t.JMeterThread: Thread finished: Load Test - Peak Load (50 Users) 1-19
2026-04-07 23:09:15,639 INFO o.a.j.t.JMeterThread: Thread started: Load Test - Peak Load (50 Users) 1-20
2026-04-07 23:09:15,641 INFO o.a.j.t.JMeterThread: Thread is done: Load Test - Peak Load (50 Users) 1-20
2026-04-07 23:09:15,641 INFO o.a.j.t.JMeterThread: Thread finished: Load Test - Peak Load (50 Users) 1-20
2026-04-07 23:09:15,651 INFO o.a.j.t.JMeterThread: Thread started: Load Test - Peak Load (50 Users) 1-20
2026-04-07 23:09:15,651 INFO o.a.j.t.JMeterThread: Thread is done: Load Test - Peak Load (50 Users) 1-20
2026-04-07 23:09:15,651 INFO o.a.j.t.JMeterThread: Thread finished: Load Test - Peak Load (50 Users) 1-20
2026-04-07 23:09:16,839 INFO o.a.j.t.JMeterThread: Thread started: Load Test - Peak Load (50 Users) 1-21
2026-04-07 23:09:16,848 INFO o.a.j.t.JMeterThread: Thread is done: Load Test - Peak Load (50 Users) 1-21
2026-04-07 23:09:16,848 INFO o.a.j.t.JMeterThread: Thread finished: Load Test - Peak Load (50 Users) 1-21
2026-04-07 23:09:16,849 INFO o.a.j.t.JMeterThread: Thread started: Load Test - Peak Load (50 Users) 1-21
2026-04-07 23:09:16,853 INFO o.a.j.t.JMeterThread: Thread is done: Load Test - Peak Load (50 Users) 1-21
2026-04-07 23:09:16,853 INFO o.a.j.t.JMeterThread: Thread finished: Load Test - Peak Load (50 Users) 1-21
2026-04-07 23:09:16,868 INFO o.a.j.t.JMeterThread: Thread started: Demo Endurance Test - 5 Min (Assignment Screenshots) 2-9
2026-04-07 23:09:16,869 INFO o.a.j.t.JMeterThread: Thread started: Demo Endurance Test - 5 Min (Assignment Screenshots) 2-9
2026-04-07 23:09:18,040 INFO o.a.j.t.JMeterThread: Thread started: Load Test - Peak Load (50 Users) 1-22
2026-04-07 23:09:18,040 INFO o.a.j.t.JMeterThread: Thread is done: Load Test - Peak Load (50 Users) 1-22
2026-04-07 23:09:18,040 INFO o.a.j.t.JMeterThread: Thread finished: Load Test - Peak Load (50 Users) 1-22
2026-04-07 23:09:18,056 INFO o.a.j.t.JMeterThread: Thread started: Load Test - Peak Load (50 Users) 1-22
2026-04-07 23:09:18,058 INFO o.a.j.t.JMeterThread: Thread is done: Load Test - Peak Load (50 Users) 1-22
2026-04-07 23:09:18,058 INFO o.a.j.t.JMeterThread: Thread finished: Load Test - Peak Load (50 Users) 1-22
2026-04-07 23:09:19,240 INFO o.a.j.t.JMeterThread: Thread started: Load Test - Peak Load (50 Users) 1-23
2026-04-07 23:09:19,248 INFO o.a.j.t.JMeterThread: Thread is done: Load Test - Peak Load (50 Users) 1-23
2026-04-07 23:09:19,249 INFO o.a.j.t.JMeterThread: Thread finished: Load Test - Peak Load (50 Users) 1-23
2026-04-07 23:09:19,249 INFO o.a.j.t.JMeterThread: Thread started: Load Test - Peak Load (50 Users) 1-23
2026-04-07 23:09:19,255 INFO o.a.j.t.JMeterThread: Thread is done: Load Test - Peak Load (50 Users) 1-23
2026-04-07 23:09:19,255 INFO o.a.j.t.JMeterThread: Thread finished: Load Test - Peak Load (50 Users) 1-23
2026-04-07 23:09:19,869 INFO o.a.j.t.JMeterThread: Thread started: Demo Endurance Test - 5 Min (Assignment Screenshots) 2-10
2026-04-07 23:09:19,871 INFO o.a.j.t.JMeterThread: Thread started: Demo Endurance Test - 5 Min (Assignment Screenshots) 2-10
2026-04-07 23:09:20,437 INFO o.a.j.t.JMeterThread: Thread started: Load Test - Peak Load (50 Users) 1-24
2026-04-07 23:09:20,438 INFO o.a.j.t.JMeterThread: Thread is done: Load Test - Peak Load (50 Users) 1-24
2026-04-07 23:09:20,438 INFO o.a.j.t.JMeterThread: Thread finished: Load Test - Peak Load (50 Users) 1-24
2026-04-07 23:09:20,455 INFO o.a.j.t.JMeterThread: Thread started: Load Test - Peak Load (50 Users) 1-24
2026-04-07 23:09:20,455 INFO o.a.j.t.JMeterThread: Thread is done: Load Test - Peak Load (50 Users) 1-24
2026-04-07 23:09:20,455 INFO o.a.j.t.JMeterThread: Thread finished: Load Test - Peak Load (50 Users) 1-24
2026-04-07 23:09:21,637 INFO o.a.j.t.JMeterThread: Thread started: Load Test - Peak Load (50 Users) 1-25
2026-04-07 23:09:21,639 INFO o.a.j.t.JMeterThread: Thread is done: Load Test - Peak Load (50 Users) 1-25
2026-04-07 23:09:21,639 INFO o.a.j.t.JMeterThread: Thread finished: Load Test - Peak Load (50 Users) 1-25
2026-04-07 23:09:21,648 INFO o.a.j.t.JMeterThread: Thread started: Load Test - Peak Load (50 Users) 1-25
2026-04-07 23:09:21,648 INFO o.a.j.t.JMeterThread: Thread is done: Load Test - Peak Load (50 Users) 1-25
2026-04-07 23:09:21,648 INFO o.a.j.t.JMeterThread: Thread finished: Load Test - Peak Load (50 Users) 1-25
2026-04-07 23:09:22,840 INFO o.a.j.t.JMeterThread: Thread started: Load Test - Peak Load (50 Users) 1-26
2026-04-07 23:09:22,841 INFO o.a.j.t.JMeterThread: Thread is done: Load Test - Peak Load (50 Users) 1-26
2026-04-07 23:09:22,842 INFO o.a.j.t.JMeterThread: Thread finished: Load Test - Peak Load (50 Users) 1-26
2026-04-07 23:09:22,848 INFO o.a.j.t.JMeterThread: Thread started: Load Test - Peak Load (50 Users) 1-26
2026-04-07 23:09:22,848 INFO o.a.j.t.JMeterThread: Thread is done: Load Test - Peak Load (50 Users) 1-26
2026-04-07 23:09:22,848 INFO o.a.j.t.JMeterThread: Thread finished: Load Test - Peak Load (50 Users) 1-26
2026-04-07 23:09:24,043 INFO o.a.j.t.JMeterThread: Thread started: Load Test - Peak Load (50 Users) 1-27
2026-04-07 23:09:24,043 INFO o.a.j.t.JMeterThread: Thread started: Load Test - Peak Load (50 Users) 1-27
2026-04-07 23:09:24,044 INFO o.a.j.t.JMeterThread: Thread is done: Load Test - Peak Load (50 Users) 1-27
2026-04-07 23:09:24,044 INFO o.a.j.t.JMeterThread: Thread finished: Load Test - Peak Load (50 Users) 1-27
2026-04-07 23:09:24,044 INFO o.a.j.t.JMeterThread: Thread is done: Load Test - Peak Load (50 Users) 1-27
2026-04-07 23:09:24,044 INFO o.a.j.t.JMeterThread: Thread finished: Load Test - Peak Load (50 Users) 1-27
2026-04-07 23:09:25,241 INFO o.a.j.t.JMeterThread: Thread started: Load Test - Peak Load (50 Users) 1-28
2026-04-07 23:09:25,242 INFO o.a.j.t.JMeterThread: Thread is done: Load Test - Peak Load (50 Users) 1-28
2026-04-07 23:09:25,242 INFO o.a.j.t.JMeterThread: Thread finished: Load Test - Peak Load (50 Users) 1-28
2026-04-07 23:09:25,244 INFO o.a.j.t.JMeterThread: Thread started: Load Test - Peak Load (50 Users) 1-28
2026-04-07 23:09:25,245 INFO o.a.j.t.JMeterThread: Thread is done: Load Test - Peak Load (50 Users) 1-28
2026-04-07 23:09:25,246 INFO o.a.j.t.JMeterThread: Thread finished: Load Test - Peak Load (50 Users) 1-28
2026-04-07 23:09:26,440 INFO o.a.j.t.JMeterThread: Thread started: Load Test - Peak Load (50 Users) 1-29
2026-04-07 23:09:26,440 INFO o.a.j.t.JMeterThread: Thread is done: Load Test - Peak Load (50 Users) 1-29
2026-04-07 23:09:26,440 INFO o.a.j.t.JMeterThread: Thread finished: Load Test - Peak Load (50 Users) 1-29
2026-04-07 23:09:26,450 INFO o.a.j.t.JMeterThread: Thread started: Load Test - Peak Load (50 Users) 1-29
2026-04-07 23:09:26,450 INFO o.a.j.t.JMeterThread: Thread is done: Load Test - Peak Load (50 Users) 1-29
2026-04-07 23:09:26,450 INFO o.a.j.t.JMeterThread: Thread finished: Load Test - Peak Load (50 Users) 1-29
2026-04-07 23:09:27,639 INFO o.a.j.t.JMeterThread: Thread started: Load Test - Peak Load (50 Users) 1-30
2026-04-07 23:09:27,641 INFO o.a.j.t.JMeterThread: Thread is done: Load Test - Peak Load (50 Users) 1-30
2026-04-07 23:09:27,642 INFO o.a.j.t.JMeterThread: Thread finished: Load Test - Peak Load (50 Users) 1-30
2026-04-07 23:09:27,645 INFO o.a.j.t.JMeterThread: Thread started: Load Test - Peak Load (50 Users) 1-30
2026-04-07 23:09:27,645 INFO o.a.j.t.JMeterThread: Thread is done: Load Test - Peak Load (50 Users) 1-30
2026-04-07 23:09:27,645 INFO o.a.j.t.JMeterThread: Thread finished: Load Test - Peak Load (50 Users) 1-30
2026-04-07 23:09:28,838 INFO o.a.j.t.JMeterThread: Thread started: Load Test - Peak Load (50 Users) 1-31
2026-04-07 23:09:28,839 INFO o.a.j.t.JMeterThread: Thread is done: Load Test - Peak Load (50 Users) 1-31
2026-04-07 23:09:28,839 INFO o.a.j.t.JMeterThread: Thread finished: Load Test - Peak Load (50 Users) 1-31
2026-04-07 23:09:28,841 INFO o.a.j.t.JMeterThread: Thread started: Load Test - Peak Load (50 Users) 1-31
2026-04-07 23:09:28,841 INFO o.a.j.t.JMeterThread: Thread is done: Load Test - Peak Load (50 Users) 1-31
2026-04-07 23:09:28,841 INFO o.a.j.t.JMeterThread: Thread finished: Load Test - Peak Load (50 Users) 1-31
2026-04-07 23:09:30,038 INFO o.a.j.t.JMeterThread: Thread started: Load Test - Peak Load (50 Users) 1-32
2026-04-07 23:09:30,039 INFO o.a.j.r.Summariser: Summary Report - Load +    250 in 00:00:30 =    8.3/s Avg:     0 Min:     0 Max:     0 Err:   250 (100.00%) Active: 21 Started: 83 Finished: 62
2026-04-07 23:09:30,039 INFO o.a.j.r.Summariser: Summary Report - Load =    311 in 00:00:37 =    8.3/s Avg:     0 Min:     0 Max:     0 Err:   311 (100.00%)
2026-04-07 23:09:30,040 INFO o.a.j.t.JMeterThread: Thread is done: Load Test - Peak Load (50 Users) 1-32
2026-04-07 23:09:30,041 INFO o.a.j.t.JMeterThread: Thread finished: Load Test - Peak Load (50 Users) 1-32
2026-04-07 23:09:30,042 INFO o.a.j.t.JMeterThread: Thread started: Load Test - Peak Load (50 Users) 1-32
2026-04-07 23:09:30,042 INFO o.a.j.t.JMeterThread: Thread is done: Load Test - Peak Load (50 Users) 1-32
2026-04-07 23:09:30,042 INFO o.a.j.t.JMeterThread: Thread finished: Load Test - Peak Load (50 Users) 1-32
2026-04-07 23:09:30,901 INFO o.a.j.r.Summariser: Summary Report - Demo Endurance +    220 in 00:00:30 =    7.3/s Avg:     0 Min:     0 Max:     0 Err:   220 (100.00%) Active: 20 Started: 84 Finished: 64
2026-04-07 23:09:30,901 INFO o.a.j.r.Summariser: Summary Report - Demo Endurance =    231 in 00:00:38 =    6.1/s Avg:     0 Min:     0 Max:     0 Err:   231 (100.00%)
2026-04-07 23:09:31,240 INFO o.a.j.t.JMeterThread: Thread started: Load Test - Peak Load (50 Users) 1-33
2026-04-07 23:09:31,240 INFO o.a.j.t.JMeterThread: Thread is done: Load Test - Peak Load (50 Users) 1-33
2026-04-07 23:09:31,240 INFO o.a.j.t.JMeterThread: Thread finished: Load Test - Peak Load (50 Users) 1-33
2026-04-07 23:09:31,241 INFO o.a.j.t.JMeterThread: Thread started: Load Test - Peak Load (50 Users) 1-33
2026-04-07 23:09:31,241 INFO o.a.j.t.JMeterThread: Thread is done: Load Test - Peak Load (50 Users) 1-33
2026-04-07 23:09:31,241 INFO o.a.j.t.JMeterThread: Thread finished: Load Test - Peak Load (50 Users) 1-33
2026-04-07 23:09:32,440 INFO o.a.j.t.JMeterThread: Thread started: Load Test - Peak Load (50 Users) 1-34
2026-04-07 23:09:32,441 INFO o.a.j.t.JMeterThread: Thread is done: Load Test - Peak Load (50 Users) 1-34
2026-04-07 23:09:32,441 INFO o.a.j.t.JMeterThread: Thread started: Load Test - Peak Load (50 Users) 1-34
2026-04-07 23:09:32,441 INFO o.a.j.t.JMeterThread: Thread finished: Load Test - Peak Load (50 Users) 1-34
2026-04-07 23:09:32,441 INFO o.a.j.t.JMeterThread: Thread is done: Load Test - Peak Load (50 Users) 1-34
2026-04-07 23:09:32,441 INFO o.a.j.t.JMeterThread: Thread finished: Load Test - Peak Load (50 Users) 1-34
2026-04-07 23:09:33,638 INFO o.a.j.t.JMeterThread: Thread started: Load Test - Peak Load (50 Users) 1-35
2026-04-07 23:09:33,639 INFO o.a.j.t.JMeterThread: Thread is done: Load Test - Peak Load (50 Users) 1-35
2026-04-07 23:09:33,639 INFO o.a.j.t.JMeterThread: Thread finished: Load Test - Peak Load (50 Users) 1-35
2026-04-07 23:09:33,642 INFO o.a.j.t.JMeterThread: Thread started: Load Test - Peak Load (50 Users) 1-35
2026-04-07 23:09:33,642 INFO o.a.j.t.JMeterThread: Thread is done: Load Test - Peak Load (50 Users) 1-35
2026-04-07 23:09:33,642 INFO o.a.j.t.JMeterThread: Thread finished: Load Test - Peak Load (50 Users) 1-35
2026-04-07 23:09:34,841 INFO o.a.j.t.JMeterThread: Thread started: Load Test - Peak Load (50 Users) 1-36
2026-04-07 23:09:34,841 INFO o.a.j.t.JMeterThread: Thread is done: Load Test - Peak Load (50 Users) 1-36
2026-04-07 23:09:34,841 INFO o.a.j.t.JMeterThread: Thread finished: Load Test - Peak Load (50 Users) 1-36
2026-04-07 23:09:34,848 INFO o.a.j.t.JMeterThread: Thread started: Load Test - Peak Load (50 Users) 1-36
2026-04-07 23:09:34,848 INFO o.a.j.t.JMeterThread: Thread is done: Load Test - Peak Load (50 Users) 1-36
2026-04-07 23:09:34,848 INFO o.a.j.t.JMeterThread: Thread finished: Load Test - Peak Load (50 Users) 1-36
2026-04-07 23:09:36,039 INFO o.a.j.t.JMeterThread: Thread started: Load Test - Peak Load (50 Users) 1-37
2026-04-07 23:09:36,040 INFO o.a.j.t.JMeterThread: Thread is done: Load Test - Peak Load (50 Users) 1-37
2026-04-07 23:09:36,040 INFO o.a.j.t.JMeterThread: Thread finished: Load Test - Peak Load (50 Users) 1-37
2026-04-07 23:09:36,043 INFO o.a.j.t.JMeterThread: Thread started: Load Test - Peak Load (50 Users) 1-37
2026-04-07 23:09:36,043 INFO o.a.j.t.JMeterThread: Thread is done: Load Test - Peak Load (50 Users) 1-37
2026-04-07 23:09:36,043 INFO o.a.j.t.JMeterThread: Thread finished: Load Test - Peak Load (50 Users) 1-37
2026-04-07 23:09:37,237 INFO o.a.j.t.JMeterThread: Thread started: Load Test - Peak Load (50 Users) 1-38
2026-04-07 23:09:37,238 INFO o.a.j.t.JMeterThread: Thread started: Load Test - Peak Load (50 Users) 1-38
2026-04-07 23:09:37,238 INFO o.a.j.t.JMeterThread: Thread is done: Load Test - Peak Load (50 Users) 1-38
2026-04-07 23:09:37,238 INFO o.a.j.t.JMeterThread: Thread finished: Load Test - Peak Load (50 Users) 1-38
2026-04-07 23:09:37,238 INFO o.a.j.t.JMeterThread: Thread is done: Load Test - Peak Load (50 Users) 1-38
2026-04-07 23:09:37,238 INFO o.a.j.t.JMeterThread: Thread finished: Load Test - Peak Load (50 Users) 1-38
2026-04-07 23:09:38,439 INFO o.a.j.t.JMeterThread: Thread started: Load Test - Peak Load (50 Users) 1-39
2026-04-07 23:09:38,439 INFO o.a.j.t.JMeterThread: Thread started: Load Test - Peak Load (50 Users) 1-39
2026-04-07 23:09:38,440 INFO o.a.j.t.JMeterThread: Thread is done: Load Test - Peak Load (50 Users) 1-39
2026-04-07 23:09:38,440 INFO o.a.j.t.JMeterThread: Thread finished: Load Test - Peak Load (50 Users) 1-39
2026-04-07 23:09:38,440 INFO o.a.j.t.JMeterThread: Thread is done: Load Test - Peak Load (50 Users) 1-39
2026-04-07 23:09:38,440 INFO o.a.j.t.JMeterThread: Thread finished: Load Test - Peak Load (50 Users) 1-39
2026-04-07 23:09:39,635 INFO o.a.j.t.JMeterThread: Thread started: Load Test - Peak Load (50 Users) 1-40
2026-04-07 23:09:39,636 INFO o.a.j.t.JMeterThread: Thread is done: Load Test - Peak Load (50 Users) 1-40
2026-04-07 23:09:39,636 INFO o.a.j.t.JMeterThread: Thread finished: Load Test - Peak Load (50 Users) 1-40
2026-04-07 23:09:39,640 INFO o.a.j.t.JMeterThread: Thread started: Load Test - Peak Load (50 Users) 1-40
2026-04-07 23:09:39,640 INFO o.a.j.t.JMeterThread: Thread is done: Load Test - Peak Load (50 Users) 1-40
2026-04-07 23:09:39,640 INFO o.a.j.t.JMeterThread: Thread finished: Load Test - Peak Load (50 Users) 1-40
2026-04-07 23:09:40,841 INFO o.a.j.t.JMeterThread: Thread started: Load Test - Peak Load (50 Users) 1-41
2026-04-07 23:09:40,841 INFO o.a.j.t.JMeterThread: Thread is done: Load Test - Peak Load (50 Users) 1-41
2026-04-07 23:09:40,841 INFO o.a.j.t.JMeterThread: Thread finished: Load Test - Peak Load (50 Users) 1-41
2026-04-07 23:09:40,842 INFO o.a.j.t.JMeterThread: Thread started: Load Test - Peak Load (50 Users) 1-41
2026-04-07 23:09:40,842 INFO o.a.j.t.JMeterThread: Thread is done: Load Test - Peak Load (50 Users) 1-41
2026-04-07 23:09:40,842 INFO o.a.j.t.JMeterThread: Thread finished: Load Test - Peak Load (50 Users) 1-41
2026-04-07 23:09:42,038 INFO o.a.j.t.JMeterThread: Thread started: Load Test - Peak Load (50 Users) 1-42
2026-04-07 23:09:42,039 INFO o.a.j.t.JMeterThread: Thread is done: Load Test - Peak Load (50 Users) 1-42
2026-04-07 23:09:42,039 INFO o.a.j.t.JMeterThread: Thread finished: Load Test - Peak Load (50 Users) 1-42
2026-04-07 23:09:42,040 INFO o.a.j.t.JMeterThread: Thread started: Load Test - Peak Load (50 Users) 1-42
2026-04-07 23:09:42,040 INFO o.a.j.t.JMeterThread: Thread is done: Load Test - Peak Load (50 Users) 1-42
2026-04-07 23:09:42,040 INFO o.a.j.t.JMeterThread: Thread finished: Load Test - Peak Load (50 Users) 1-42
2026-04-07 23:09:43,238 INFO o.a.j.t.JMeterThread: Thread started: Load Test - Peak Load (50 Users) 1-43
2026-04-07 23:09:43,238 INFO o.a.j.t.JMeterThread: Thread is done: Load Test - Peak Load (50 Users) 1-43
2026-04-07 23:09:43,239 INFO o.a.j.t.JMeterThread: Thread finished: Load Test - Peak Load (50 Users) 1-43
2026-04-07 23:09:43,244 INFO o.a.j.t.JMeterThread: Thread started: Load Test - Peak Load (50 Users) 1-43
2026-04-07 23:09:43,244 INFO o.a.j.t.JMeterThread: Thread is done: Load Test - Peak Load (50 Users) 1-43
2026-04-07 23:09:43,244 INFO o.a.j.t.JMeterThread: Thread finished: Load Test - Peak Load (50 Users) 1-43
2026-04-07 23:09:44,438 INFO o.a.j.t.JMeterThread: Thread started: Load Test - Peak Load (50 Users) 1-44
2026-04-07 23:09:44,439 INFO o.a.j.t.JMeterThread: Thread is done: Load Test - Peak Load (50 Users) 1-44
2026-04-07 23:09:44,439 INFO o.a.j.t.JMeterThread: Thread finished: Load Test - Peak Load (50 Users) 1-44
2026-04-07 23:09:44,443 INFO o.a.j.t.JMeterThread: Thread started: Load Test - Peak Load (50 Users) 1-44
2026-04-07 23:09:44,443 INFO o.a.j.t.JMeterThread: Thread is done: Load Test - Peak Load (50 Users) 1-44
2026-04-07 23:09:44,443 INFO o.a.j.t.JMeterThread: Thread finished: Load Test - Peak Load (50 Users) 1-44
2026-04-07 23:09:45,641 INFO o.a.j.t.JMeterThread: Thread started: Load Test - Peak Load (50 Users) 1-45
2026-04-07 23:09:45,641 INFO o.a.j.t.JMeterThread: Thread is done: Load Test - Peak Load (50 Users) 1-45
2026-04-07 23:09:45,642 INFO o.a.j.t.JMeterThread: Thread finished: Load Test - Peak Load (50 Users) 1-45
2026-04-07 23:09:45,643 INFO o.a.j.t.JMeterThread: Thread started: Load Test - Peak Load (50 Users) 1-45
2026-04-07 23:09:45,643 INFO o.a.j.t.JMeterThread: Thread is done: Load Test - Peak Load (50 Users) 1-45
2026-04-07 23:09:45,643 INFO o.a.j.t.JMeterThread: Thread finished: Load Test - Peak Load (50 Users) 1-45
2026-04-07 23:09:46,843 INFO o.a.j.t.JMeterThread: Thread started: Load Test - Peak Load (50 Users) 1-46
2026-04-07 23:09:46,843 INFO o.a.j.t.JMeterThread: Thread started: Load Test - Peak Load (50 Users) 1-46
2026-04-07 23:09:46,843 INFO o.a.j.t.JMeterThread: Thread is done: Load Test - Peak Load (50 Users) 1-46
2026-04-07 23:09:46,843 INFO o.a.j.t.JMeterThread: Thread finished: Load Test - Peak Load (50 Users) 1-46
2026-04-07 23:09:46,847 INFO o.a.j.t.JMeterThread: Thread is done: Load Test - Peak Load (50 Users) 1-46
2026-04-07 23:09:46,847 INFO o.a.j.t.JMeterThread: Thread finished: Load Test - Peak Load (50 Users) 1-46
2026-04-07 23:09:48,041 INFO o.a.j.t.JMeterThread: Thread started: Load Test - Peak Load (50 Users) 1-47
2026-04-07 23:09:48,041 INFO o.a.j.t.JMeterThread: Thread is done: Load Test - Peak Load (50 Users) 1-47
2026-04-07 23:09:48,041 INFO o.a.j.t.JMeterThread: Thread finished: Load Test - Peak Load (50 Users) 1-47
2026-04-07 23:09:48,043 INFO o.a.j.t.JMeterThread: Thread started: Load Test - Peak Load (50 Users) 1-47
2026-04-07 23:09:48,043 INFO o.a.j.t.JMeterThread: Thread is done: Load Test - Peak Load (50 Users) 1-47
2026-04-07 23:09:48,043 INFO o.a.j.t.JMeterThread: Thread finished: Load Test - Peak Load (50 Users) 1-47
2026-04-07 23:09:49,242 INFO o.a.j.t.JMeterThread: Thread started: Load Test - Peak Load (50 Users) 1-48
2026-04-07 23:09:49,243 INFO o.a.j.t.JMeterThread: Thread is done: Load Test - Peak Load (50 Users) 1-48
2026-04-07 23:09:49,243 INFO o.a.j.t.JMeterThread: Thread finished: Load Test - Peak Load (50 Users) 1-48
2026-04-07 23:09:49,244 INFO o.a.j.t.JMeterThread: Thread started: Load Test - Peak Load (50 Users) 1-48
2026-04-07 23:09:49,245 INFO o.a.j.t.JMeterThread: Thread is done: Load Test - Peak Load (50 Users) 1-48
2026-04-07 23:09:49,245 INFO o.a.j.t.JMeterThread: Thread finished: Load Test - Peak Load (50 Users) 1-48
2026-04-07 23:09:50,441 INFO o.a.j.t.JMeterThread: Thread started: Load Test - Peak Load (50 Users) 1-49
2026-04-07 23:09:50,442 INFO o.a.j.t.JMeterThread: Thread is done: Load Test - Peak Load (50 Users) 1-49
2026-04-07 23:09:50,442 INFO o.a.j.t.JMeterThread: Thread finished: Load Test - Peak Load (50 Users) 1-49
2026-04-07 23:09:50,443 INFO o.a.j.t.JMeterThread: Thread started: Load Test - Peak Load (50 Users) 1-49
2026-04-07 23:09:50,443 INFO o.a.j.t.JMeterThread: Thread is done: Load Test - Peak Load (50 Users) 1-49
2026-04-07 23:09:50,443 INFO o.a.j.t.JMeterThread: Thread finished: Load Test - Peak Load (50 Users) 1-49
2026-04-07 23:09:51,641 INFO o.a.j.t.JMeterThread: Thread started: Load Test - Peak Load (50 Users) 1-50
2026-04-07 23:09:51,641 INFO o.a.j.t.JMeterThread: Thread started: Load Test - Peak Load (50 Users) 1-50
2026-04-07 23:09:51,642 INFO o.a.j.t.JMeterThread: Thread is done: Load Test - Peak Load (50 Users) 1-50
2026-04-07 23:09:51,642 INFO o.a.j.t.JMeterThread: Thread finished: Load Test - Peak Load (50 Users) 1-50
2026-04-07 23:09:51,642 INFO o.a.j.t.JMeterThread: Thread is done: Load Test - Peak Load (50 Users) 1-50
2026-04-07 23:09:51,642 INFO o.a.j.t.JMeterThread: Thread finished: Load Test - Peak Load (50 Users) 1-50
2026-04-07 23:10:00,030 INFO o.a.j.r.Summariser: Summary Report - Demo Endurance +    290 in 00:00:29 =   10.0/s Avg:     0 Min:     0 Max:     0 Err:   290 (100.00%) Active: 20 Started: 120 Finished: 100
2026-04-07 23:10:00,030 INFO o.a.j.r.Summariser: Summary Report - Demo Endurance =    521 in 00:01:07 =    7.7/s Avg:     0 Min:     0 Max:     0 Err:   521 (100.00%)
2026-04-07 23:10:30,145 INFO o.a.j.r.Summariser: Summary Report - Demo Endurance +    300 in 00:00:30 =   10.0/s Avg:     0 Min:     0 Max:     0 Err:   300 (100.00%) Active: 20 Started: 120 Finished: 100
2026-04-07 23:10:30,145 INFO o.a.j.r.Summariser: Summary Report - Demo Endurance =    821 in 00:01:37 =    8.4/s Avg:     0 Min:     0 Max:     0 Err:   821 (100.00%)
2026-04-07 23:11:00,281 INFO o.a.j.r.Summariser: Summary Report - Demo Endurance +    300 in 00:00:30 =   10.0/s Avg:     0 Min:     0 Max:     0 Err:   300 (100.00%) Active: 20 Started: 120 Finished: 100
2026-04-07 23:11:00,281 INFO o.a.j.r.Summariser: Summary Report - Demo Endurance =   1121 in 00:02:07 =    8.8/s Avg:     0 Min:     0 Max:     0 Err:  1121 (100.00%)
2026-04-07 23:11:30,417 INFO o.a.j.r.Summariser: Summary Report - Demo Endurance +    300 in 00:00:30 =   10.0/s Avg:     0 Min:     0 Max:     0 Err:   300 (100.00%) Active: 20 Started: 120 Finished: 100
2026-04-07 23:11:30,417 INFO o.a.j.r.Summariser: Summary Report - Demo Endurance =   1421 in 00:02:38 =    9.0/s Avg:     0 Min:     0 Max:     0 Err:  1421 (100.00%)
2026-04-07 23:12:00,535 INFO o.a.j.r.Summariser: Summary Report - Demo Endurance +    300 in 00:00:30 =   10.0/s Avg:     0 Min:     0 Max:     0 Err:   300 (100.00%) Active: 20 Started: 120 Finished: 100
2026-04-07 23:12:00,535 INFO o.a.j.r.Summariser: Summary Report - Demo Endurance =   1721 in 00:03:08 =    9.2/s Avg:     0 Min:     0 Max:     0 Err:  1721 (100.00%)
2026-04-07 23:12:30,638 INFO o.a.j.r.Summariser: Summary Report - Demo Endurance +    300 in 00:00:30 =   10.0/s Avg:     0 Min:     0 Max:     0 Err:   300 (100.00%) Active: 20 Started: 120 Finished: 100
2026-04-07 23:12:30,639 INFO o.a.j.r.Summariser: Summary Report - Demo Endurance =   2021 in 00:03:38 =    9.3/s Avg:     0 Min:     0 Max:     0 Err:  2021 (100.00%)
2026-04-07 23:13:00,762 INFO o.a.j.r.Summariser: Summary Report - Demo Endurance +    300 in 00:00:30 =   10.0/s Avg:     0 Min:     0 Max:     0 Err:   300 (100.00%) Active: 20 Started: 120 Finished: 100
2026-04-07 23:13:00,762 INFO o.a.j.r.Summariser: Summary Report - Demo Endurance =   2321 in 00:04:08 =    9.4/s Avg:     0 Min:     0 Max:     0 Err:  2321 (100.00%)
2026-04-07 23:13:30,925 INFO o.a.j.r.Summariser: Summary Report - Demo Endurance +    300 in 00:00:30 =    9.9/s Avg:     0 Min:     0 Max:     0 Err:   300 (100.00%) Active: 20 Started: 120 Finished: 100
2026-04-07 23:13:30,925 INFO o.a.j.r.Summariser: Summary Report - Demo Endurance =   2621 in 00:04:38 =    9.4/s Avg:     0 Min:     0 Max:     0 Err:  2621 (100.00%)
2026-04-07 23:13:51,017 INFO o.a.j.t.JMeterThread: Thread finished: Demo Endurance Test - 5 Min (Assignment Screenshots) 2-8
2026-04-07 23:13:51,017 INFO o.a.j.t.JMeterThread: Thread finished: Demo Endurance Test - 5 Min (Assignment Screenshots) 2-8
2026-04-07 23:13:51,018 INFO o.a.j.t.JMeterThread: Thread finished: Demo Endurance Test - 5 Min (Assignment Screenshots) 2-10
2026-04-07 23:13:51,018 INFO o.a.j.t.JMeterThread: Thread finished: Demo Endurance Test - 5 Min (Assignment Screenshots) 2-10
2026-04-07 23:13:51,033 INFO o.a.j.t.JMeterThread: Thread finished: Demo Endurance Test - 5 Min (Assignment Screenshots) 2-6
2026-04-07 23:13:51,033 INFO o.a.j.t.JMeterThread: Thread finished: Demo Endurance Test - 5 Min (Assignment Screenshots) 2-6
2026-04-07 23:13:51,081 INFO o.a.j.t.JMeterThread: Thread finished: Demo Endurance Test - 5 Min (Assignment Screenshots) 2-2
2026-04-07 23:13:51,081 INFO o.a.j.t.JMeterThread: Thread finished: Demo Endurance Test - 5 Min (Assignment Screenshots) 2-2
2026-04-07 23:13:51,081 INFO o.a.j.t.JMeterThread: Thread finished: Demo Endurance Test - 5 Min (Assignment Screenshots) 2-4
2026-04-07 23:13:51,129 INFO o.a.j.t.JMeterThread: Thread finished: Demo Endurance Test - 5 Min (Assignment Screenshots) 2-4
2026-04-07 23:13:51,826 INFO o.a.j.t.JMeterThread: Thread finished: Demo Endurance Test - 5 Min (Assignment Screenshots) 2-9
2026-04-07 23:13:51,831 INFO o.a.j.t.JMeterThread: Thread finished: Demo Endurance Test - 5 Min (Assignment Screenshots) 2-9
2026-04-07 23:13:51,895 INFO o.a.j.t.JMeterThread: Thread finished: Demo Endurance Test - 5 Min (Assignment Screenshots) 2-5
2026-04-07 23:13:51,895 INFO o.a.j.t.JMeterThread: Thread finished: Demo Endurance Test - 5 Min (Assignment Screenshots) 2-3
2026-04-07 23:13:51,895 INFO o.a.j.t.JMeterThread: Thread finished: Demo Endurance Test - 5 Min (Assignment Screenshots) 2-3
2026-04-07 23:13:51,895 INFO o.a.j.t.JMeterThread: Thread finished: Demo Endurance Test - 5 Min (Assignment Screenshots) 2-7
2026-04-07 23:13:51,895 INFO o.a.j.t.JMeterThread: Thread finished: Demo Endurance Test - 5 Min (Assignment Screenshots) 2-1
2026-04-07 23:13:51,895 INFO o.a.j.t.JMeterThread: Thread finished: Demo Endurance Test - 5 Min (Assignment Screenshots) 2-7
2026-04-07 23:13:51,895 INFO o.a.j.t.JMeterThread: Thread finished: Demo Endurance Test - 5 Min (Assignment Screenshots) 2-1
2026-04-07 23:13:51,895 INFO o.a.j.t.JMeterThread: Thread finished: Demo Endurance Test - 5 Min (Assignment Screenshots) 2-5
2026-04-07 23:13:51,896 INFO o.a.j.e.StandardJMeterEngine: Notifying test listeners of end of test
2026-04-07 23:13:51,896 INFO o.a.j.e.StandardJMeterEngine: Notifying test listeners of end of test
2026-04-07 23:13:51,896 INFO o.a.j.g.u.JMeterMenuBar: setRunning(false, *local*)
2026-04-07 23:13:51,896 INFO o.a.j.r.Summariser: Summary Report - Demo Endurance +    219 in 00:00:21 =   10.4/s Avg:     0 Min:     0 Max:     0 Err:   219 (100.00%) Active: 0 Started: 120 Finished: 120
2026-04-07 23:13:51,896 INFO o.a.j.r.Summariser: Summary Report - Demo Endurance =   2840 in 00:04:59 =    9.5/s Avg:     0 Min:     0 Max:     0 Err:  2840 (100.00%)
2026-04-07 23:13:51,896 INFO o.a.j.r.Summariser: Summary Report - Load +    189 in 00:04:22 =    0.7/s Avg:     0 Min:     0 Max:     0 Err:   189 (100.00%) Active: 0 Started: 120 Finished: 120
2026-04-07 23:13:51,896 INFO o.a.j.r.Summariser: Summary Report - Load =    500 in 00:04:59 =    1.7/s Avg:     0 Min:     0 Max:     0 Err:   500 (100.00%)
2026-04-07 23:13:51,896 INFO o.a.j.g.u.JMeterMenuBar: setRunning(false, *local*)
2026-04-07 23:22:47,171 INFO o.a.j.e.StandardJMeterEngine: Running the test!
2026-04-07 23:22:47,171 INFO o.a.j.s.SampleEvent: List of sample_variables: []
2026-04-07 23:22:47,176 INFO o.a.j.g.u.JMeterMenuBar: setRunning(true, *local*)
2026-04-07 23:22:47,183 INFO o.a.j.e.StandardJMeterEngine: Starting ThreadGroup: 1 : Load Test - Peak Load (50 Users)
2026-04-07 23:22:47,183 INFO o.a.j.e.StandardJMeterEngine: Starting 50 threads for group Load Test - Peak Load (50 Users).
2026-04-07 23:22:47,183 INFO o.a.j.e.StandardJMeterEngine: Thread will continue on error
2026-04-07 23:22:47,183 INFO o.a.j.t.ThreadGroup: Starting thread group... number=1 threads=50 ramp-up=60 delayedStart=false
2026-04-07 23:22:47,187 INFO o.a.j.t.JMeterThread: Thread started: Load Test - Peak Load (50 Users) 1-1
2026-04-07 23:22:47,189 INFO o.a.j.t.ThreadGroup: Started thread group number 1
2026-04-07 23:22:47,189 INFO o.a.j.e.StandardJMeterEngine: Starting ThreadGroup: 2 : Demo Endurance Test - 5 Min (Assignment Screenshots)
2026-04-07 23:22:47,189 INFO o.a.j.e.StandardJMeterEngine: Starting 10 threads for group Demo Endurance Test - 5 Min (Assignment Screenshots).
2026-04-07 23:22:47,189 INFO o.a.j.e.StandardJMeterEngine: Thread will continue on error
2026-04-07 23:22:47,189 INFO o.a.j.t.ThreadGroup: Starting thread group... number=2 threads=10 ramp-up=30 delayedStart=false
2026-04-07 23:22:47,189 INFO o.a.j.t.JMeterThread: Thread started: Demo Endurance Test - 5 Min (Assignment Screenshots) 2-1
2026-04-07 23:22:47,189 INFO o.a.j.t.ThreadGroup: Started thread group number 2
2026-04-07 23:22:47,189 INFO o.a.j.e.StandardJMeterEngine: All thread groups have been started
2026-04-07 23:22:47,195 INFO o.a.j.p.h.s.HTTPHCAbstractImpl: Local host = EDTUFDashF15
2026-04-07 23:22:47,203 INFO o.a.j.p.h.s.HTTPHC4Impl: HTTP request retry count = 0
2026-04-07 23:22:47,282 INFO o.a.j.p.h.s.h.LazyLayeredConnectionSocketFactory: Setting up HTTPS TrustAll Socket Factory
2026-04-07 23:22:47,282 INFO o.a.j.u.JsseSSLManager: Using default SSL protocol: TLS
2026-04-07 23:22:47,282 INFO o.a.j.u.JsseSSLManager: SSL session context: per-thread
2026-04-07 23:22:47,456 INFO o.a.j.u.SSLManager: JmeterKeyStore Location:  type JKS
2026-04-07 23:22:47,463 INFO o.a.j.u.SSLManager: KeyStore created OK
2026-04-07 23:22:47,463 WARN o.a.j.u.SSLManager: Keystore file not found, loading empty keystore
2026-04-07 23:22:48,249 INFO o.a.j.t.JMeterThread: Thread is done: Load Test - Peak Load (50 Users) 1-1
2026-04-07 23:22:48,249 INFO o.a.j.t.JMeterThread: Thread finished: Load Test - Peak Load (50 Users) 1-1
2026-04-07 23:22:48,383 INFO o.a.j.t.JMeterThread: Thread started: Load Test - Peak Load (50 Users) 1-2
2026-04-07 23:22:48,686 INFO o.a.j.t.JMeterThread: Thread is done: Load Test - Peak Load (50 Users) 1-2
2026-04-07 23:22:48,686 INFO o.a.j.t.JMeterThread: Thread finished: Load Test - Peak Load (50 Users) 1-2
2026-04-07 23:22:49,583 INFO o.a.j.t.JMeterThread: Thread started: Load Test - Peak Load (50 Users) 1-3
2026-04-07 23:22:49,929 INFO o.a.j.t.JMeterThread: Thread is done: Load Test - Peak Load (50 Users) 1-3
2026-04-07 23:22:49,929 INFO o.a.j.t.JMeterThread: Thread finished: Load Test - Peak Load (50 Users) 1-3
2026-04-07 23:22:50,189 INFO o.a.j.t.JMeterThread: Thread started: Demo Endurance Test - 5 Min (Assignment Screenshots) 2-2
2026-04-07 23:22:50,790 INFO o.a.j.t.JMeterThread: Thread started: Load Test - Peak Load (50 Users) 1-4
2026-04-07 23:22:51,090 INFO o.a.j.t.JMeterThread: Thread is done: Load Test - Peak Load (50 Users) 1-4
2026-04-07 23:22:51,090 INFO o.a.j.t.JMeterThread: Thread finished: Load Test - Peak Load (50 Users) 1-4
2026-04-07 23:22:51,987 INFO o.a.j.t.JMeterThread: Thread started: Load Test - Peak Load (50 Users) 1-5
2026-04-07 23:22:52,290 INFO o.a.j.t.JMeterThread: Thread is done: Load Test - Peak Load (50 Users) 1-5
2026-04-07 23:22:52,290 INFO o.a.j.t.JMeterThread: Thread finished: Load Test - Peak Load (50 Users) 1-5
2026-04-07 23:22:53,188 INFO o.a.j.t.JMeterThread: Thread started: Load Test - Peak Load (50 Users) 1-6
2026-04-07 23:22:53,190 INFO o.a.j.t.JMeterThread: Thread started: Demo Endurance Test - 5 Min (Assignment Screenshots) 2-3
2026-04-07 23:22:53,494 INFO o.a.j.t.JMeterThread: Thread is done: Load Test - Peak Load (50 Users) 1-6
2026-04-07 23:22:53,494 INFO o.a.j.t.JMeterThread: Thread finished: Load Test - Peak Load (50 Users) 1-6
2026-04-07 23:22:54,384 INFO o.a.j.t.JMeterThread: Thread started: Load Test - Peak Load (50 Users) 1-7
2026-04-07 23:22:54,669 INFO o.a.j.t.JMeterThread: Thread is done: Load Test - Peak Load (50 Users) 1-7
2026-04-07 23:22:54,669 INFO o.a.j.t.JMeterThread: Thread finished: Load Test - Peak Load (50 Users) 1-7
2026-04-07 23:22:55,585 INFO o.a.j.t.JMeterThread: Thread started: Load Test - Peak Load (50 Users) 1-8
2026-04-07 23:22:55,884 INFO o.a.j.t.JMeterThread: Thread is done: Load Test - Peak Load (50 Users) 1-8
2026-04-07 23:22:55,885 INFO o.a.j.t.JMeterThread: Thread finished: Load Test - Peak Load (50 Users) 1-8
2026-04-07 23:22:56,189 INFO o.a.j.t.JMeterThread: Thread started: Demo Endurance Test - 5 Min (Assignment Screenshots) 2-4
2026-04-07 23:22:56,792 INFO o.a.j.t.JMeterThread: Thread started: Load Test - Peak Load (50 Users) 1-9
2026-04-07 23:22:57,079 INFO o.a.j.t.JMeterThread: Thread is done: Load Test - Peak Load (50 Users) 1-9
2026-04-07 23:22:57,079 INFO o.a.j.t.JMeterThread: Thread finished: Load Test - Peak Load (50 Users) 1-9
2026-04-07 23:22:57,984 INFO o.a.j.t.JMeterThread: Thread started: Load Test - Peak Load (50 Users) 1-10
2026-04-07 23:22:58,307 INFO o.a.j.t.JMeterThread: Thread is done: Load Test - Peak Load (50 Users) 1-10
2026-04-07 23:22:58,307 INFO o.a.j.t.JMeterThread: Thread finished: Load Test - Peak Load (50 Users) 1-10
2026-04-07 23:22:59,186 INFO o.a.j.t.JMeterThread: Thread started: Load Test - Peak Load (50 Users) 1-11
2026-04-07 23:22:59,189 INFO o.a.j.t.JMeterThread: Thread started: Demo Endurance Test - 5 Min (Assignment Screenshots) 2-5
2026-04-07 23:22:59,494 INFO o.a.j.t.JMeterThread: Thread is done: Load Test - Peak Load (50 Users) 1-11
2026-04-07 23:22:59,494 INFO o.a.j.t.JMeterThread: Thread finished: Load Test - Peak Load (50 Users) 1-11
2026-04-07 23:23:00,361 INFO o.a.j.r.Summariser: Summary Report - Demo Endurance +     15 in 00:00:13 =    1.1/s Avg:    63 Min:    53 Max:    92 Err:    15 (100.00%) Active: 5 Started: 16 Finished: 11
2026-04-07 23:23:00,385 INFO o.a.j.t.JMeterThread: Thread started: Load Test - Peak Load (50 Users) 1-12
2026-04-07 23:23:00,448 INFO o.a.j.r.Summariser: Summary Report - Load +     56 in 00:00:13 =    4.2/s Avg:    74 Min:    52 Max:   764 Err:    56 (100.00%) Active: 6 Started: 17 Finished: 11
2026-04-07 23:23:00,700 INFO o.a.j.t.JMeterThread: Thread is done: Load Test - Peak Load (50 Users) 1-12
2026-04-07 23:23:00,700 INFO o.a.j.t.JMeterThread: Thread finished: Load Test - Peak Load (50 Users) 1-12
2026-04-07 23:23:01,586 INFO o.a.j.t.JMeterThread: Thread started: Load Test - Peak Load (50 Users) 1-13
2026-04-07 23:23:01,910 INFO o.a.j.t.JMeterThread: Thread is done: Load Test - Peak Load (50 Users) 1-13
2026-04-07 23:23:01,910 INFO o.a.j.t.JMeterThread: Thread finished: Load Test - Peak Load (50 Users) 1-13
2026-04-07 23:23:02,189 INFO o.a.j.t.JMeterThread: Thread started: Demo Endurance Test - 5 Min (Assignment Screenshots) 2-6
2026-04-07 23:23:02,783 INFO o.a.j.t.JMeterThread: Thread started: Load Test - Peak Load (50 Users) 1-14
2026-04-07 23:23:03,086 INFO o.a.j.t.JMeterThread: Thread is done: Load Test - Peak Load (50 Users) 1-14
2026-04-07 23:23:03,086 INFO o.a.j.t.JMeterThread: Thread finished: Load Test - Peak Load (50 Users) 1-14
2026-04-07 23:23:03,986 INFO o.a.j.t.JMeterThread: Thread started: Load Test - Peak Load (50 Users) 1-15
2026-04-07 23:23:04,292 INFO o.a.j.t.JMeterThread: Thread is done: Load Test - Peak Load (50 Users) 1-15
2026-04-07 23:23:04,292 INFO o.a.j.t.JMeterThread: Thread finished: Load Test - Peak Load (50 Users) 1-15
2026-04-07 23:23:05,186 INFO o.a.j.t.JMeterThread: Thread started: Load Test - Peak Load (50 Users) 1-16
2026-04-07 23:23:05,189 INFO o.a.j.t.JMeterThread: Thread started: Demo Endurance Test - 5 Min (Assignment Screenshots) 2-7
2026-04-07 23:23:05,491 INFO o.a.j.t.JMeterThread: Thread is done: Load Test - Peak Load (50 Users) 1-16
2026-04-07 23:23:05,491 INFO o.a.j.t.JMeterThread: Thread finished: Load Test - Peak Load (50 Users) 1-16
2026-04-07 23:23:06,386 INFO o.a.j.t.JMeterThread: Thread started: Load Test - Peak Load (50 Users) 1-17
2026-04-07 23:23:06,690 INFO o.a.j.t.JMeterThread: Thread is done: Load Test - Peak Load (50 Users) 1-17
2026-04-07 23:23:06,690 INFO o.a.j.t.JMeterThread: Thread finished: Load Test - Peak Load (50 Users) 1-17
2026-04-07 23:23:07,586 INFO o.a.j.t.JMeterThread: Thread started: Load Test - Peak Load (50 Users) 1-18
2026-04-07 23:23:07,887 INFO o.a.j.t.JMeterThread: Thread is done: Load Test - Peak Load (50 Users) 1-18
2026-04-07 23:23:07,887 INFO o.a.j.t.JMeterThread: Thread finished: Load Test - Peak Load (50 Users) 1-18
2026-04-07 23:23:08,191 INFO o.a.j.t.JMeterThread: Thread started: Demo Endurance Test - 5 Min (Assignment Screenshots) 2-8
2026-04-07 23:23:08,786 INFO o.a.j.t.JMeterThread: Thread started: Load Test - Peak Load (50 Users) 1-19
2026-04-07 23:23:09,100 INFO o.a.j.t.JMeterThread: Thread is done: Load Test - Peak Load (50 Users) 1-19
2026-04-07 23:23:09,100 INFO o.a.j.t.JMeterThread: Thread finished: Load Test - Peak Load (50 Users) 1-19
2026-04-07 23:23:09,984 INFO o.a.j.t.JMeterThread: Thread started: Load Test - Peak Load (50 Users) 1-20
2026-04-07 23:23:10,268 INFO o.a.j.t.JMeterThread: Thread is done: Load Test - Peak Load (50 Users) 1-20
2026-04-07 23:23:10,268 INFO o.a.j.t.JMeterThread: Thread finished: Load Test - Peak Load (50 Users) 1-20
2026-04-07 23:23:11,188 INFO o.a.j.t.JMeterThread: Thread started: Load Test - Peak Load (50 Users) 1-21
2026-04-07 23:23:11,190 INFO o.a.j.t.JMeterThread: Thread started: Demo Endurance Test - 5 Min (Assignment Screenshots) 2-9
2026-04-07 23:23:11,488 INFO o.a.j.t.JMeterThread: Thread is done: Load Test - Peak Load (50 Users) 1-21
2026-04-07 23:23:11,488 INFO o.a.j.t.JMeterThread: Thread finished: Load Test - Peak Load (50 Users) 1-21
2026-04-07 23:23:12,384 INFO o.a.j.t.JMeterThread: Thread started: Load Test - Peak Load (50 Users) 1-22
2026-04-07 23:23:12,686 INFO o.a.j.t.JMeterThread: Thread is done: Load Test - Peak Load (50 Users) 1-22
2026-04-07 23:23:12,686 INFO o.a.j.t.JMeterThread: Thread finished: Load Test - Peak Load (50 Users) 1-22
2026-04-07 23:23:13,584 INFO o.a.j.t.JMeterThread: Thread started: Load Test - Peak Load (50 Users) 1-23
2026-04-07 23:23:13,897 INFO o.a.j.t.JMeterThread: Thread is done: Load Test - Peak Load (50 Users) 1-23
2026-04-07 23:23:13,897 INFO o.a.j.t.JMeterThread: Thread finished: Load Test - Peak Load (50 Users) 1-23
2026-04-07 23:23:14,190 INFO o.a.j.t.JMeterThread: Thread started: Demo Endurance Test - 5 Min (Assignment Screenshots) 2-10
2026-04-07 23:23:14,784 INFO o.a.j.t.JMeterThread: Thread started: Load Test - Peak Load (50 Users) 1-24
2026-04-07 23:23:15,071 INFO o.a.j.t.JMeterThread: Thread is done: Load Test - Peak Load (50 Users) 1-24
2026-04-07 23:23:15,071 INFO o.a.j.t.JMeterThread: Thread finished: Load Test - Peak Load (50 Users) 1-24
2026-04-07 23:23:15,998 INFO o.a.j.t.JMeterThread: Thread started: Load Test - Peak Load (50 Users) 1-25
2026-04-07 23:23:16,283 INFO o.a.j.t.JMeterThread: Thread is done: Load Test - Peak Load (50 Users) 1-25
2026-04-07 23:23:16,283 INFO o.a.j.t.JMeterThread: Thread finished: Load Test - Peak Load (50 Users) 1-25
2026-04-07 23:23:17,185 INFO o.a.j.t.JMeterThread: Thread started: Load Test - Peak Load (50 Users) 1-26
2026-04-07 23:23:17,513 INFO o.a.j.t.JMeterThread: Thread is done: Load Test - Peak Load (50 Users) 1-26
2026-04-07 23:23:17,513 INFO o.a.j.t.JMeterThread: Thread finished: Load Test - Peak Load (50 Users) 1-26
2026-04-07 23:23:18,383 INFO o.a.j.t.JMeterThread: Thread started: Load Test - Peak Load (50 Users) 1-27
2026-04-07 23:23:18,702 INFO o.a.j.t.JMeterThread: Thread is done: Load Test - Peak Load (50 Users) 1-27
2026-04-07 23:23:18,702 INFO o.a.j.t.JMeterThread: Thread finished: Load Test - Peak Load (50 Users) 1-27
2026-04-07 23:23:19,583 INFO o.a.j.t.JMeterThread: Thread started: Load Test - Peak Load (50 Users) 1-28
2026-04-07 23:23:19,886 INFO o.a.j.t.JMeterThread: Thread is done: Load Test - Peak Load (50 Users) 1-28
2026-04-07 23:23:19,886 INFO o.a.j.t.JMeterThread: Thread finished: Load Test - Peak Load (50 Users) 1-28
2026-04-07 23:23:20,784 INFO o.a.j.t.JMeterThread: Thread started: Load Test - Peak Load (50 Users) 1-29
2026-04-07 23:23:21,080 INFO o.a.j.t.JMeterThread: Thread is done: Load Test - Peak Load (50 Users) 1-29
2026-04-07 23:23:21,080 INFO o.a.j.t.JMeterThread: Thread finished: Load Test - Peak Load (50 Users) 1-29
2026-04-07 23:23:21,992 INFO o.a.j.t.JMeterThread: Thread started: Load Test - Peak Load (50 Users) 1-30
2026-04-07 23:23:22,287 INFO o.a.j.t.JMeterThread: Thread is done: Load Test - Peak Load (50 Users) 1-30
2026-04-07 23:23:22,287 INFO o.a.j.t.JMeterThread: Thread finished: Load Test - Peak Load (50 Users) 1-30
2026-04-07 23:23:23,188 INFO o.a.j.t.JMeterThread: Thread started: Load Test - Peak Load (50 Users) 1-31
2026-04-07 23:23:23,488 INFO o.a.j.t.JMeterThread: Thread is done: Load Test - Peak Load (50 Users) 1-31
2026-04-07 23:23:23,488 INFO o.a.j.t.JMeterThread: Thread finished: Load Test - Peak Load (50 Users) 1-31
2026-04-07 23:23:24,383 INFO o.a.j.t.JMeterThread: Thread started: Load Test - Peak Load (50 Users) 1-32
2026-04-07 23:23:24,667 INFO o.a.j.t.JMeterThread: Thread is done: Load Test - Peak Load (50 Users) 1-32
2026-04-07 23:23:24,667 INFO o.a.j.t.JMeterThread: Thread finished: Load Test - Peak Load (50 Users) 1-32
2026-04-07 23:23:25,584 INFO o.a.j.t.JMeterThread: Thread started: Load Test - Peak Load (50 Users) 1-33
2026-04-07 23:23:25,909 INFO o.a.j.t.JMeterThread: Thread is done: Load Test - Peak Load (50 Users) 1-33
2026-04-07 23:23:25,909 INFO o.a.j.t.JMeterThread: Thread finished: Load Test - Peak Load (50 Users) 1-33
2026-04-07 23:23:26,784 INFO o.a.j.t.JMeterThread: Thread started: Load Test - Peak Load (50 Users) 1-34
2026-04-07 23:23:27,083 INFO o.a.j.t.JMeterThread: Thread is done: Load Test - Peak Load (50 Users) 1-34
2026-04-07 23:23:27,083 INFO o.a.j.t.JMeterThread: Thread finished: Load Test - Peak Load (50 Users) 1-34
2026-04-07 23:23:27,983 INFO o.a.j.t.JMeterThread: Thread started: Load Test - Peak Load (50 Users) 1-35
2026-04-07 23:23:28,281 INFO o.a.j.t.JMeterThread: Thread is done: Load Test - Peak Load (50 Users) 1-35
2026-04-07 23:23:28,281 INFO o.a.j.t.JMeterThread: Thread finished: Load Test - Peak Load (50 Users) 1-35
2026-04-07 23:23:29,183 INFO o.a.j.t.JMeterThread: Thread started: Load Test - Peak Load (50 Users) 1-36
2026-04-07 23:23:29,516 INFO o.a.j.t.JMeterThread: Thread is done: Load Test - Peak Load (50 Users) 1-36
2026-04-07 23:23:29,516 INFO o.a.j.t.JMeterThread: Thread finished: Load Test - Peak Load (50 Users) 1-36
2026-04-07 23:23:30,020 INFO o.a.j.r.Summariser: Summary Report - Demo Endurance +    122 in 00:00:30 =    4.1/s Avg:    61 Min:    49 Max:   176 Err:   122 (100.00%) Active: 10 Started: 46 Finished: 36
2026-04-07 23:23:30,021 INFO o.a.j.r.Summariser: Summary Report - Demo Endurance =    137 in 00:00:43 =    3.2/s Avg:    61 Min:    49 Max:   176 Err:   137 (100.00%)
2026-04-07 23:23:30,384 INFO o.a.j.t.JMeterThread: Thread started: Load Test - Peak Load (50 Users) 1-37
2026-04-07 23:23:30,448 INFO o.a.j.r.Summariser: Summary Report - Load +    125 in 00:00:30 =    4.2/s Avg:    61 Min:    51 Max:   100 Err:   125 (100.00%) Active: 11 Started: 47 Finished: 36
2026-04-07 23:23:30,448 INFO o.a.j.r.Summariser: Summary Report - Load =    181 in 00:00:43 =    4.2/s Avg:    65 Min:    51 Max:   764 Err:   181 (100.00%)
2026-04-07 23:23:30,703 INFO o.a.j.t.JMeterThread: Thread is done: Load Test - Peak Load (50 Users) 1-37
2026-04-07 23:23:30,703 INFO o.a.j.t.JMeterThread: Thread finished: Load Test - Peak Load (50 Users) 1-37
2026-04-07 23:23:31,583 INFO o.a.j.t.JMeterThread: Thread started: Load Test - Peak Load (50 Users) 1-38
2026-04-07 23:23:31,879 INFO o.a.j.t.JMeterThread: Thread is done: Load Test - Peak Load (50 Users) 1-38
2026-04-07 23:23:31,879 INFO o.a.j.t.JMeterThread: Thread finished: Load Test - Peak Load (50 Users) 1-38
2026-04-07 23:23:32,789 INFO o.a.j.t.JMeterThread: Thread started: Load Test - Peak Load (50 Users) 1-39
2026-04-07 23:23:33,124 INFO o.a.j.t.JMeterThread: Thread is done: Load Test - Peak Load (50 Users) 1-39
2026-04-07 23:23:33,125 INFO o.a.j.t.JMeterThread: Thread finished: Load Test - Peak Load (50 Users) 1-39
2026-04-07 23:23:33,984 INFO o.a.j.t.JMeterThread: Thread started: Load Test - Peak Load (50 Users) 1-40
2026-04-07 23:23:34,290 INFO o.a.j.t.JMeterThread: Thread is done: Load Test - Peak Load (50 Users) 1-40
2026-04-07 23:23:34,290 INFO o.a.j.t.JMeterThread: Thread finished: Load Test - Peak Load (50 Users) 1-40
2026-04-07 23:23:35,184 INFO o.a.j.t.JMeterThread: Thread started: Load Test - Peak Load (50 Users) 1-41
2026-04-07 23:23:35,471 INFO o.a.j.t.JMeterThread: Thread is done: Load Test - Peak Load (50 Users) 1-41
2026-04-07 23:23:35,471 INFO o.a.j.t.JMeterThread: Thread finished: Load Test - Peak Load (50 Users) 1-41
2026-04-07 23:23:36,383 INFO o.a.j.t.JMeterThread: Thread started: Load Test - Peak Load (50 Users) 1-42
2026-04-07 23:23:36,676 INFO o.a.j.t.JMeterThread: Thread is done: Load Test - Peak Load (50 Users) 1-42
2026-04-07 23:23:36,676 INFO o.a.j.t.JMeterThread: Thread finished: Load Test - Peak Load (50 Users) 1-42
2026-04-07 23:23:37,583 INFO o.a.j.t.JMeterThread: Thread started: Load Test - Peak Load (50 Users) 1-43
2026-04-07 23:23:37,884 INFO o.a.j.t.JMeterThread: Thread is done: Load Test - Peak Load (50 Users) 1-43
2026-04-07 23:23:37,884 INFO o.a.j.t.JMeterThread: Thread finished: Load Test - Peak Load (50 Users) 1-43
2026-04-07 23:23:38,784 INFO o.a.j.t.JMeterThread: Thread started: Load Test - Peak Load (50 Users) 1-44
2026-04-07 23:23:39,100 INFO o.a.j.t.JMeterThread: Thread is done: Load Test - Peak Load (50 Users) 1-44
2026-04-07 23:23:39,100 INFO o.a.j.t.JMeterThread: Thread finished: Load Test - Peak Load (50 Users) 1-44
2026-04-07 23:23:39,983 INFO o.a.j.t.JMeterThread: Thread started: Load Test - Peak Load (50 Users) 1-45
2026-04-07 23:23:40,287 INFO o.a.j.t.JMeterThread: Thread is done: Load Test - Peak Load (50 Users) 1-45
2026-04-07 23:23:40,287 INFO o.a.j.t.JMeterThread: Thread finished: Load Test - Peak Load (50 Users) 1-45
2026-04-07 23:23:41,184 INFO o.a.j.t.JMeterThread: Thread started: Load Test - Peak Load (50 Users) 1-46
2026-04-07 23:23:41,488 INFO o.a.j.t.JMeterThread: Thread is done: Load Test - Peak Load (50 Users) 1-46
2026-04-07 23:23:41,488 INFO o.a.j.t.JMeterThread: Thread finished: Load Test - Peak Load (50 Users) 1-46
2026-04-07 23:23:42,384 INFO o.a.j.t.JMeterThread: Thread started: Load Test - Peak Load (50 Users) 1-47
2026-04-07 23:23:42,774 INFO o.a.j.t.JMeterThread: Thread is done: Load Test - Peak Load (50 Users) 1-47
2026-04-07 23:23:42,774 INFO o.a.j.t.JMeterThread: Thread finished: Load Test - Peak Load (50 Users) 1-47
2026-04-07 23:23:43,586 INFO o.a.j.t.JMeterThread: Thread started: Load Test - Peak Load (50 Users) 1-48
2026-04-07 23:23:43,869 INFO o.a.j.t.JMeterThread: Thread is done: Load Test - Peak Load (50 Users) 1-48
2026-04-07 23:23:43,869 INFO o.a.j.t.JMeterThread: Thread finished: Load Test - Peak Load (50 Users) 1-48
2026-04-07 23:23:44,784 INFO o.a.j.t.JMeterThread: Thread started: Load Test - Peak Load (50 Users) 1-49
2026-04-07 23:23:45,092 INFO o.a.j.t.JMeterThread: Thread is done: Load Test - Peak Load (50 Users) 1-49
2026-04-07 23:23:45,092 INFO o.a.j.t.JMeterThread: Thread finished: Load Test - Peak Load (50 Users) 1-49
2026-04-07 23:23:45,983 INFO o.a.j.t.JMeterThread: Thread started: Load Test - Peak Load (50 Users) 1-50
2026-04-07 23:23:46,307 INFO o.a.j.t.JMeterThread: Thread is done: Load Test - Peak Load (50 Users) 1-50
2026-04-07 23:23:46,307 INFO o.a.j.t.JMeterThread: Thread finished: Load Test - Peak Load (50 Users) 1-50
2026-04-07 23:24:00,008 INFO o.a.j.r.Summariser: Summary Report - Demo Endurance +    146 in 00:00:30 =    4.9/s Avg:    59 Min:    49 Max:    98 Err:   146 (100.00%) Active: 10 Started: 60 Finished: 50
2026-04-07 23:24:00,008 INFO o.a.j.r.Summariser: Summary Report - Demo Endurance =    283 in 00:01:13 =    3.9/s Avg:    60 Min:    49 Max:   176 Err:   283 (100.00%)
2026-04-07 23:24:30,155 INFO o.a.j.r.Summariser: Summary Report - Demo Endurance +    145 in 00:00:30 =    4.8/s Avg:    59 Min:    44 Max:   117 Err:   145 (100.00%) Active: 10 Started: 60 Finished: 50
2026-04-07 23:24:30,155 INFO o.a.j.r.Summariser: Summary Report - Demo Endurance =    428 in 00:01:43 =    4.2/s Avg:    60 Min:    44 Max:   176 Err:   428 (100.00%)
2026-04-07 23:25:00,036 INFO o.a.j.r.Summariser: Summary Report - Demo Endurance +    146 in 00:00:30 =    4.9/s Avg:    58 Min:    49 Max:    88 Err:   146 (100.00%) Active: 10 Started: 60 Finished: 50
2026-04-07 23:25:00,036 INFO o.a.j.r.Summariser: Summary Report - Demo Endurance =    574 in 00:02:13 =    4.3/s Avg:    59 Min:    44 Max:   176 Err:   574 (100.00%)
2026-04-07 23:25:18,166 INFO o.a.j.g.a.Start: Stopping test
2026-04-07 23:25:18,182 INFO o.a.j.t.JMeterThread: Stopping: Demo Endurance Test - 5 Min (Assignment Screenshots) 2-6
2026-04-07 23:25:18,182 INFO o.a.j.t.JMeterThread: Stopping: Demo Endurance Test - 5 Min (Assignment Screenshots) 2-4
2026-04-07 23:25:18,182 INFO o.a.j.t.JMeterThread: Stopping: Demo Endurance Test - 5 Min (Assignment Screenshots) 2-1
2026-04-07 23:25:18,182 INFO o.a.j.t.JMeterThread: Stopping: Demo Endurance Test - 5 Min (Assignment Screenshots) 2-10
2026-04-07 23:25:18,182 WARN o.a.j.t.JMeterThread: The delay timer was interrupted - probably did not wait as long as intended.
2026-04-07 23:25:18,182 INFO o.a.j.t.JMeterThread: Stopping: Demo Endurance Test - 5 Min (Assignment Screenshots) 2-3
2026-04-07 23:25:18,192 INFO o.a.j.t.JMeterThread: Thread finished: Demo Endurance Test - 5 Min (Assignment Screenshots) 2-6
2026-04-07 23:25:18,182 WARN o.a.j.t.JMeterThread: The delay timer was interrupted - probably did not wait as long as intended.
2026-04-07 23:25:18,192 INFO o.a.j.t.JMeterThread: Stopping: Demo Endurance Test - 5 Min (Assignment Screenshots) 2-5
2026-04-07 23:25:18,192 WARN o.a.j.t.JMeterThread: The delay timer was interrupted - probably did not wait as long as intended.
2026-04-07 23:25:18,192 WARN o.a.j.t.JMeterThread: The delay timer was interrupted - probably did not wait as long as intended.
2026-04-07 23:25:18,192 INFO o.a.j.t.JMeterThread: Thread finished: Demo Endurance Test - 5 Min (Assignment Screenshots) 2-4
2026-04-07 23:25:18,192 WARN o.a.j.t.JMeterThread: The delay timer was interrupted - probably did not wait as long as intended.
2026-04-07 23:25:18,192 INFO o.a.j.t.JMeterThread: Thread finished: Demo Endurance Test - 5 Min (Assignment Screenshots) 2-10
2026-04-07 23:25:18,193 INFO o.a.j.t.JMeterThread: Thread finished: Demo Endurance Test - 5 Min (Assignment Screenshots) 2-1
2026-04-07 23:25:18,193 INFO o.a.j.t.JMeterThread: Thread finished: Demo Endurance Test - 5 Min (Assignment Screenshots) 2-3
2026-04-07 23:25:18,193 WARN o.a.j.t.JMeterThread: The delay timer was interrupted - probably did not wait as long as intended.
2026-04-07 23:25:18,193 INFO o.a.j.t.JMeterThread: Stopping: Demo Endurance Test - 5 Min (Assignment Screenshots) 2-2
2026-04-07 23:25:18,193 INFO o.a.j.t.JMeterThread: Thread finished: Demo Endurance Test - 5 Min (Assignment Screenshots) 2-5
2026-04-07 23:25:18,193 INFO o.a.j.t.JMeterThread: Stopping: Demo Endurance Test - 5 Min (Assignment Screenshots) 2-7
2026-04-07 23:25:18,193 INFO o.a.j.t.JMeterThread: Stopping: Demo Endurance Test - 5 Min (Assignment Screenshots) 2-8
2026-04-07 23:25:18,193 INFO o.a.j.t.JMeterThread: Stopping: Demo Endurance Test - 5 Min (Assignment Screenshots) 2-9
2026-04-07 23:25:18,193 WARN o.a.j.t.JMeterThread: The delay timer was interrupted - probably did not wait as long as intended.
2026-04-07 23:25:18,193 WARN o.a.j.t.JMeterThread: The delay timer was interrupted - probably did not wait as long as intended.
2026-04-07 23:25:18,193 WARN o.a.j.t.JMeterThread: The delay timer was interrupted - probably did not wait as long as intended.
2026-04-07 23:25:18,193 INFO o.a.j.t.JMeterThread: Thread finished: Demo Endurance Test - 5 Min (Assignment Screenshots) 2-7
2026-04-07 23:25:18,193 INFO o.a.j.t.JMeterThread: Thread finished: Demo Endurance Test - 5 Min (Assignment Screenshots) 2-9
2026-04-07 23:25:18,193 INFO o.a.j.t.JMeterThread: Thread finished: Demo Endurance Test - 5 Min (Assignment Screenshots) 2-8
2026-04-07 23:25:18,193 WARN o.a.j.t.JMeterThread: The delay timer was interrupted - probably did not wait as long as intended.
2026-04-07 23:25:18,194 INFO o.a.j.t.JMeterThread: Thread finished: Demo Endurance Test - 5 Min (Assignment Screenshots) 2-2
2026-04-07 23:25:18,194 INFO o.a.j.e.StandardJMeterEngine: Notifying test listeners of end of test
2026-04-07 23:25:18,194 INFO o.a.j.r.Summariser: Summary Report - Demo Endurance +     87 in 00:00:18 =    4.8/s Avg:    58 Min:    50 Max:    80 Err:    87 (100.00%) Active: 0 Started: 60 Finished: 60
2026-04-07 23:25:18,194 INFO o.a.j.r.Summariser: Summary Report - Demo Endurance =    661 in 00:02:31 =    4.4/s Avg:    59 Min:    44 Max:   176 Err:   661 (100.00%)
2026-04-07 23:25:18,194 INFO o.a.j.r.Summariser: Summary Report - Load +     69 in 00:01:48 =    0.6/s Avg:    62 Min:    48 Max:   155 Err:    69 (100.00%) Active: 0 Started: 60 Finished: 60
2026-04-07 23:25:18,194 INFO o.a.j.r.Summariser: Summary Report - Load =    250 in 00:02:31 =    1.7/s Avg:    64 Min:    48 Max:   764 Err:   250 (100.00%)
2026-04-07 23:25:18,194 INFO o.a.j.g.u.JMeterMenuBar: setRunning(false, *local*)
2026-04-07 23:25:32,095 INFO o.a.j.e.StandardJMeterEngine: Running the test!
2026-04-07 23:25:32,095 INFO o.a.j.s.SampleEvent: List of sample_variables: []
2026-04-07 23:25:32,095 INFO o.a.j.g.u.JMeterMenuBar: setRunning(true, *local*)
2026-04-07 23:25:32,171 INFO o.a.j.e.StandardJMeterEngine: Starting ThreadGroup: 1 : Load Test - Peak Load (50 Users)
2026-04-07 23:25:32,171 INFO o.a.j.e.StandardJMeterEngine: Starting 50 threads for group Load Test - Peak Load (50 Users).
2026-04-07 23:25:32,171 INFO o.a.j.e.StandardJMeterEngine: Thread will continue on error
2026-04-07 23:25:32,171 INFO o.a.j.t.ThreadGroup: Starting thread group... number=1 threads=50 ramp-up=60 delayedStart=false
2026-04-07 23:25:32,171 INFO o.a.j.t.JMeterThread: Thread started: Load Test - Peak Load (50 Users) 1-1
2026-04-07 23:25:32,177 INFO o.a.j.t.ThreadGroup: Started thread group number 1
2026-04-07 23:25:32,177 INFO o.a.j.e.StandardJMeterEngine: Starting ThreadGroup: 2 : Demo Endurance Test - 5 Min (Assignment Screenshots)
2026-04-07 23:25:32,177 INFO o.a.j.e.StandardJMeterEngine: Starting 10 threads for group Demo Endurance Test - 5 Min (Assignment Screenshots).
2026-04-07 23:25:32,177 INFO o.a.j.e.StandardJMeterEngine: Thread will continue on error
2026-04-07 23:25:32,177 INFO o.a.j.t.ThreadGroup: Starting thread group... number=2 threads=10 ramp-up=30 delayedStart=false
2026-04-07 23:25:32,177 INFO o.a.j.t.JMeterThread: Thread started: Demo Endurance Test - 5 Min (Assignment Screenshots) 2-1
2026-04-07 23:25:32,177 INFO o.a.j.t.ThreadGroup: Started thread group number 2
2026-04-07 23:25:32,177 INFO o.a.j.e.StandardJMeterEngine: All thread groups have been started
2026-04-07 23:25:32,266 INFO o.a.j.r.Summariser: Summary Report - Load +      1 in 00:00:00 =    5.8/s Avg:    92 Min:    92 Max:    92 Err:     1 (100.00%) Active: 2 Started: 2 Finished: 0
2026-04-07 23:25:32,505 INFO o.a.j.t.JMeterThread: Thread is done: Load Test - Peak Load (50 Users) 1-1
2026-04-07 23:25:32,505 INFO o.a.j.t.JMeterThread: Thread finished: Load Test - Peak Load (50 Users) 1-1
2026-04-07 23:25:33,371 INFO o.a.j.t.JMeterThread: Thread started: Load Test - Peak Load (50 Users) 1-2
2026-04-07 23:25:33,688 INFO o.a.j.t.JMeterThread: Thread is done: Load Test - Peak Load (50 Users) 1-2
2026-04-07 23:25:33,688 INFO o.a.j.t.JMeterThread: Thread finished: Load Test - Peak Load (50 Users) 1-2
2026-04-07 23:25:34,240 INFO o.a.j.r.Summariser: Summary Report - Demo Endurance +      1 in 00:00:02 =    0.5/s Avg:    58 Min:    58 Max:    58 Err:     1 (100.00%) Active: 1 Started: 3 Finished: 2
2026-04-07 23:25:34,571 INFO o.a.j.t.JMeterThread: Thread started: Load Test - Peak Load (50 Users) 1-3
2026-04-07 23:25:34,874 INFO o.a.j.t.JMeterThread: Thread is done: Load Test - Peak Load (50 Users) 1-3
2026-04-07 23:25:34,874 INFO o.a.j.t.JMeterThread: Thread finished: Load Test - Peak Load (50 Users) 1-3
2026-04-07 23:25:35,193 INFO o.a.j.t.JMeterThread: Thread started: Demo Endurance Test - 5 Min (Assignment Screenshots) 2-2
2026-04-07 23:25:35,772 INFO o.a.j.t.JMeterThread: Thread started: Load Test - Peak Load (50 Users) 1-4
2026-04-07 23:25:36,057 INFO o.a.j.t.JMeterThread: Thread is done: Load Test - Peak Load (50 Users) 1-4
2026-04-07 23:25:36,057 INFO o.a.j.t.JMeterThread: Thread finished: Load Test - Peak Load (50 Users) 1-4
2026-04-07 23:25:36,975 INFO o.a.j.t.JMeterThread: Thread started: Load Test - Peak Load (50 Users) 1-5
2026-04-07 23:25:37,298 INFO o.a.j.t.JMeterThread: Thread is done: Load Test - Peak Load (50 Users) 1-5
2026-04-07 23:25:37,298 INFO o.a.j.t.JMeterThread: Thread finished: Load Test - Peak Load (50 Users) 1-5
2026-04-07 23:25:38,175 INFO o.a.j.t.JMeterThread: Thread started: Load Test - Peak Load (50 Users) 1-6
2026-04-07 23:25:38,177 INFO o.a.j.t.JMeterThread: Thread started: Demo Endurance Test - 5 Min (Assignment Screenshots) 2-3
2026-04-07 23:25:38,483 INFO o.a.j.t.JMeterThread: Thread is done: Load Test - Peak Load (50 Users) 1-6
2026-04-07 23:25:38,483 INFO o.a.j.t.JMeterThread: Thread finished: Load Test - Peak Load (50 Users) 1-6
2026-04-07 23:25:39,376 INFO o.a.j.t.JMeterThread: Thread started: Load Test - Peak Load (50 Users) 1-7
2026-04-07 23:25:39,678 INFO o.a.j.t.JMeterThread: Thread is done: Load Test - Peak Load (50 Users) 1-7
2026-04-07 23:25:39,678 INFO o.a.j.t.JMeterThread: Thread finished: Load Test - Peak Load (50 Users) 1-7
2026-04-07 23:25:40,577 INFO o.a.j.t.JMeterThread: Thread started: Load Test - Peak Load (50 Users) 1-8
2026-04-07 23:25:40,894 INFO o.a.j.t.JMeterThread: Thread is done: Load Test - Peak Load (50 Users) 1-8
2026-04-07 23:25:40,894 INFO o.a.j.t.JMeterThread: Thread finished: Load Test - Peak Load (50 Users) 1-8
2026-04-07 23:25:41,181 INFO o.a.j.t.JMeterThread: Thread started: Demo Endurance Test - 5 Min (Assignment Screenshots) 2-4
2026-04-07 23:25:41,776 INFO o.a.j.t.JMeterThread: Thread started: Load Test - Peak Load (50 Users) 1-9
2026-04-07 23:25:42,092 INFO o.a.j.t.JMeterThread: Thread is done: Load Test - Peak Load (50 Users) 1-9
2026-04-07 23:25:42,092 INFO o.a.j.t.JMeterThread: Thread finished: Load Test - Peak Load (50 Users) 1-9
2026-04-07 23:25:42,975 INFO o.a.j.t.JMeterThread: Thread started: Load Test - Peak Load (50 Users) 1-10
2026-04-07 23:25:43,287 INFO o.a.j.t.JMeterThread: Thread is done: Load Test - Peak Load (50 Users) 1-10
2026-04-07 23:25:43,287 INFO o.a.j.t.JMeterThread: Thread finished: Load Test - Peak Load (50 Users) 1-10
2026-04-07 23:25:44,176 INFO o.a.j.t.JMeterThread: Thread started: Load Test - Peak Load (50 Users) 1-11
2026-04-07 23:25:44,192 INFO o.a.j.t.JMeterThread: Thread started: Demo Endurance Test - 5 Min (Assignment Screenshots) 2-5
2026-04-07 23:25:44,470 INFO o.a.j.t.JMeterThread: Thread is done: Load Test - Peak Load (50 Users) 1-11
2026-04-07 23:25:44,470 INFO o.a.j.t.JMeterThread: Thread finished: Load Test - Peak Load (50 Users) 1-11
2026-04-07 23:25:45,377 INFO o.a.j.t.JMeterThread: Thread started: Load Test - Peak Load (50 Users) 1-12
2026-04-07 23:25:45,679 INFO o.a.j.t.JMeterThread: Thread is done: Load Test - Peak Load (50 Users) 1-12
2026-04-07 23:25:45,679 INFO o.a.j.t.JMeterThread: Thread finished: Load Test - Peak Load (50 Users) 1-12
2026-04-07 23:25:46,575 INFO o.a.j.t.JMeterThread: Thread started: Load Test - Peak Load (50 Users) 1-13
2026-04-07 23:25:46,893 INFO o.a.j.t.JMeterThread: Thread is done: Load Test - Peak Load (50 Users) 1-13
2026-04-07 23:25:46,893 INFO o.a.j.t.JMeterThread: Thread finished: Load Test - Peak Load (50 Users) 1-13
2026-04-07 23:25:47,180 INFO o.a.j.t.JMeterThread: Thread started: Demo Endurance Test - 5 Min (Assignment Screenshots) 2-6
2026-04-07 23:25:47,775 INFO o.a.j.t.JMeterThread: Thread started: Load Test - Peak Load (50 Users) 1-14
2026-04-07 23:25:48,077 INFO o.a.j.t.JMeterThread: Thread is done: Load Test - Peak Load (50 Users) 1-14
2026-04-07 23:25:48,077 INFO o.a.j.t.JMeterThread: Thread finished: Load Test - Peak Load (50 Users) 1-14
2026-04-07 23:25:48,976 INFO o.a.j.t.JMeterThread: Thread started: Load Test - Peak Load (50 Users) 1-15
2026-04-07 23:25:49,443 INFO o.a.j.t.JMeterThread: Thread is done: Load Test - Peak Load (50 Users) 1-15
2026-04-07 23:25:49,443 INFO o.a.j.t.JMeterThread: Thread finished: Load Test - Peak Load (50 Users) 1-15
2026-04-07 23:25:50,176 INFO o.a.j.t.JMeterThread: Thread started: Load Test - Peak Load (50 Users) 1-16
2026-04-07 23:25:50,178 INFO o.a.j.t.JMeterThread: Thread started: Demo Endurance Test - 5 Min (Assignment Screenshots) 2-7
2026-04-07 23:25:50,479 INFO o.a.j.t.JMeterThread: Thread is done: Load Test - Peak Load (50 Users) 1-16
2026-04-07 23:25:50,479 INFO o.a.j.t.JMeterThread: Thread finished: Load Test - Peak Load (50 Users) 1-16
2026-04-07 23:25:51,372 INFO o.a.j.t.JMeterThread: Thread started: Load Test - Peak Load (50 Users) 1-17
2026-04-07 23:25:52,375 INFO o.a.j.t.JMeterThread: Thread is done: Load Test - Peak Load (50 Users) 1-17
2026-04-07 23:25:52,375 INFO o.a.j.t.JMeterThread: Thread finished: Load Test - Peak Load (50 Users) 1-17
2026-04-07 23:25:52,572 INFO o.a.j.t.JMeterThread: Thread started: Load Test - Peak Load (50 Users) 1-18
2026-04-07 23:25:53,178 INFO o.a.j.t.JMeterThread: Thread started: Demo Endurance Test - 5 Min (Assignment Screenshots) 2-8
2026-04-07 23:25:53,473 INFO o.a.j.t.JMeterThread: Thread is done: Load Test - Peak Load (50 Users) 1-18
2026-04-07 23:25:53,473 INFO o.a.j.t.JMeterThread: Thread finished: Load Test - Peak Load (50 Users) 1-18
2026-04-07 23:25:53,771 INFO o.a.j.t.JMeterThread: Thread started: Load Test - Peak Load (50 Users) 1-19
2026-04-07 23:25:54,101 INFO o.a.j.t.JMeterThread: Thread is done: Load Test - Peak Load (50 Users) 1-19
2026-04-07 23:25:54,101 INFO o.a.j.t.JMeterThread: Thread finished: Load Test - Peak Load (50 Users) 1-19
2026-04-07 23:25:54,973 INFO o.a.j.t.JMeterThread: Thread started: Load Test - Peak Load (50 Users) 1-20
2026-04-07 23:25:55,271 INFO o.a.j.t.JMeterThread: Thread is done: Load Test - Peak Load (50 Users) 1-20
2026-04-07 23:25:55,271 INFO o.a.j.t.JMeterThread: Thread finished: Load Test - Peak Load (50 Users) 1-20
2026-04-07 23:25:56,111 INFO o.a.j.g.a.Start: Stopping test
2026-04-07 23:25:56,126 INFO o.a.j.t.JMeterThread: Stopping: Load Test - Peak Load (50 Users) 1-42
2026-04-07 23:25:56,126 INFO o.a.j.t.JMeterThread: Stopping: Load Test - Peak Load (50 Users) 1-50
2026-04-07 23:25:56,126 INFO o.a.j.t.JMeterThread: Stopping: Load Test - Peak Load (50 Users) 1-46
2026-04-07 23:25:56,126 INFO o.a.j.t.JMeterThread: Stopping: Load Test - Peak Load (50 Users) 1-36
2026-04-07 23:25:56,126 INFO o.a.j.t.JMeterThread: Stopping: Load Test - Peak Load (50 Users) 1-41
2026-04-07 23:25:56,126 INFO o.a.j.t.JMeterThread: Thread started: Load Test - Peak Load (50 Users) 1-41
2026-04-07 23:25:56,126 INFO o.a.j.t.JMeterThread: Thread started: Load Test - Peak Load (50 Users) 1-36
2026-04-07 23:25:56,126 INFO o.a.j.t.JMeterThread: Thread started: Load Test - Peak Load (50 Users) 1-42
2026-04-07 23:25:56,126 INFO o.a.j.t.JMeterThread: Thread started: Load Test - Peak Load (50 Users) 1-46
2026-04-07 23:25:56,126 INFO o.a.j.t.JMeterThread: Thread finished: Load Test - Peak Load (50 Users) 1-41
2026-04-07 23:25:56,126 INFO o.a.j.t.JMeterThread: Thread finished: Load Test - Peak Load (50 Users) 1-36
2026-04-07 23:25:56,126 INFO o.a.j.t.JMeterThread: Thread started: Load Test - Peak Load (50 Users) 1-50
2026-04-07 23:25:56,127 INFO o.a.j.t.JMeterThread: Thread finished: Load Test - Peak Load (50 Users) 1-42
2026-04-07 23:25:56,127 INFO o.a.j.t.JMeterThread: Thread finished: Load Test - Peak Load (50 Users) 1-50
2026-04-07 23:25:56,127 INFO o.a.j.t.JMeterThread: Stopping: Load Test - Peak Load (50 Users) 1-23
2026-04-07 23:25:56,127 INFO o.a.j.t.JMeterThread: Thread finished: Load Test - Peak Load (50 Users) 1-46
2026-04-07 23:25:56,127 INFO o.a.j.t.JMeterThread: Stopping: Load Test - Peak Load (50 Users) 1-48
2026-04-07 23:25:56,127 INFO o.a.j.t.JMeterThread: Stopping: Load Test - Peak Load (50 Users) 1-35
2026-04-07 23:25:56,127 INFO o.a.j.t.JMeterThread: Stopping: Load Test - Peak Load (50 Users) 1-39
2026-04-07 23:25:56,127 INFO o.a.j.t.JMeterThread: Stopping: Load Test - Peak Load (50 Users) 1-33
2026-04-07 23:25:56,127 INFO o.a.j.t.JMeterThread: Stopping: Load Test - Peak Load (50 Users) 1-38
2026-04-07 23:25:56,127 INFO o.a.j.t.JMeterThread: Stopping: Load Test - Peak Load (50 Users) 1-24
2026-04-07 23:25:56,127 INFO o.a.j.t.JMeterThread: Stopping: Load Test - Peak Load (50 Users) 1-32
2026-04-07 23:25:56,127 INFO o.a.j.t.JMeterThread: Stopping: Load Test - Peak Load (50 Users) 1-27
2026-04-07 23:25:56,127 INFO o.a.j.t.JMeterThread: Stopping: Load Test - Peak Load (50 Users) 1-34
2026-04-07 23:25:56,127 INFO o.a.j.t.JMeterThread: Thread started: Load Test - Peak Load (50 Users) 1-23
2026-04-07 23:25:56,127 INFO o.a.j.t.JMeterThread: Stopping: Load Test - Peak Load (50 Users) 1-30
2026-04-07 23:25:56,127 INFO o.a.j.t.JMeterThread: Thread started: Load Test - Peak Load (50 Users) 1-33
2026-04-07 23:25:56,127 INFO o.a.j.t.JMeterThread: Thread started: Load Test - Peak Load (50 Users) 1-38
2026-04-07 23:25:56,127 INFO o.a.j.t.JMeterThread: Thread finished: Load Test - Peak Load (50 Users) 1-33
2026-04-07 23:25:56,127 INFO o.a.j.t.JMeterThread: Thread started: Load Test - Peak Load (50 Users) 1-24
2026-04-07 23:25:56,127 INFO o.a.j.t.JMeterThread: Thread finished: Load Test - Peak Load (50 Users) 1-24
2026-04-07 23:25:56,127 INFO o.a.j.t.JMeterThread: Thread started: Load Test - Peak Load (50 Users) 1-34
2026-04-07 23:25:56,127 INFO o.a.j.t.JMeterThread: Thread started: Load Test - Peak Load (50 Users) 1-32
2026-04-07 23:25:56,127 INFO o.a.j.t.JMeterThread: Thread finished: Load Test - Peak Load (50 Users) 1-34
2026-04-07 23:25:56,127 INFO o.a.j.t.JMeterThread: Stopping: Load Test - Peak Load (50 Users) 1-37
2026-04-07 23:25:56,127 INFO o.a.j.t.JMeterThread: Stopping: Load Test - Peak Load (50 Users) 1-29
2026-04-07 23:25:56,127 INFO o.a.j.t.JMeterThread: Stopping: Load Test - Peak Load (50 Users) 1-49
2026-04-07 23:25:56,127 INFO o.a.j.t.JMeterThread: Thread started: Load Test - Peak Load (50 Users) 1-48
2026-04-07 23:25:56,127 INFO o.a.j.t.JMeterThread: Thread started: Load Test - Peak Load (50 Users) 1-37
2026-04-07 23:25:56,127 INFO o.a.j.t.JMeterThread: Thread finished: Load Test - Peak Load (50 Users) 1-48
2026-04-07 23:25:56,127 INFO o.a.j.t.JMeterThread: Thread finished: Load Test - Peak Load (50 Users) 1-32
2026-04-07 23:25:56,127 INFO o.a.j.t.JMeterThread: Thread finished: Load Test - Peak Load (50 Users) 1-23
2026-04-07 23:25:56,127 INFO o.a.j.t.JMeterThread: Thread finished: Load Test - Peak Load (50 Users) 1-38
2026-04-07 23:25:56,127 INFO o.a.j.t.JMeterThread: Thread started: Load Test - Peak Load (50 Users) 1-49
2026-04-07 23:25:56,127 INFO o.a.j.t.JMeterThread: Thread finished: Load Test - Peak Load (50 Users) 1-37
2026-04-07 23:25:56,128 INFO o.a.j.t.JMeterThread: Thread started: Load Test - Peak Load (50 Users) 1-35
2026-04-07 23:25:56,128 INFO o.a.j.t.JMeterThread: Thread finished: Load Test - Peak Load (50 Users) 1-49
2026-04-07 23:25:56,128 INFO o.a.j.t.JMeterThread: Thread finished: Load Test - Peak Load (50 Users) 1-35
2026-04-07 23:25:56,127 INFO o.a.j.t.JMeterThread: Thread started: Load Test - Peak Load (50 Users) 1-29
2026-04-07 23:25:56,127 INFO o.a.j.t.JMeterThread: Stopping: Load Test - Peak Load (50 Users) 1-43
2026-04-07 23:25:56,127 INFO o.a.j.t.JMeterThread: Thread started: Load Test - Peak Load (50 Users) 1-30
2026-04-07 23:25:56,128 INFO o.a.j.t.JMeterThread: Stopping: Load Test - Peak Load (50 Users) 1-26
2026-04-07 23:25:56,128 INFO o.a.j.t.JMeterThread: Stopping: Load Test - Peak Load (50 Users) 1-28
2026-04-07 23:25:56,128 INFO o.a.j.t.JMeterThread: Stopping: Load Test - Peak Load (50 Users) 1-22
2026-04-07 23:25:56,128 INFO o.a.j.t.JMeterThread: Thread finished: Load Test - Peak Load (50 Users) 1-30
2026-04-07 23:25:56,128 INFO o.a.j.t.JMeterThread: Stopping: Load Test - Peak Load (50 Users) 1-45
2026-04-07 23:25:56,128 INFO o.a.j.t.JMeterThread: Stopping: Load Test - Peak Load (50 Users) 1-40
2026-04-07 23:25:56,128 INFO o.a.j.t.JMeterThread: Thread started: Load Test - Peak Load (50 Users) 1-43
2026-04-07 23:25:56,128 INFO o.a.j.t.JMeterThread: Thread started: Load Test - Peak Load (50 Users) 1-22
2026-04-07 23:25:56,128 INFO o.a.j.t.JMeterThread: Thread started: Load Test - Peak Load (50 Users) 1-27
2026-04-07 23:25:56,128 INFO o.a.j.t.JMeterThread: Thread finished: Load Test - Peak Load (50 Users) 1-27
2026-04-07 23:25:56,128 INFO o.a.j.t.JMeterThread: Thread finished: Load Test - Peak Load (50 Users) 1-22
2026-04-07 23:25:56,128 INFO o.a.j.t.JMeterThread: Thread finished: Load Test - Peak Load (50 Users) 1-29
2026-04-07 23:25:56,128 INFO o.a.j.t.JMeterThread: Thread started: Load Test - Peak Load (50 Users) 1-39
2026-04-07 23:25:56,128 INFO o.a.j.t.JMeterThread: Thread finished: Load Test - Peak Load (50 Users) 1-39
2026-04-07 23:25:56,128 INFO o.a.j.t.JMeterThread: Thread started: Load Test - Peak Load (50 Users) 1-28
2026-04-07 23:25:56,128 INFO o.a.j.t.JMeterThread: Thread started: Load Test - Peak Load (50 Users) 1-40
2026-04-07 23:25:56,128 INFO o.a.j.t.JMeterThread: Thread started: Load Test - Peak Load (50 Users) 1-45
2026-04-07 23:25:56,128 INFO o.a.j.t.JMeterThread: Thread finished: Load Test - Peak Load (50 Users) 1-40
2026-04-07 23:25:56,128 INFO o.a.j.t.JMeterThread: Thread finished: Load Test - Peak Load (50 Users) 1-45
2026-04-07 23:25:56,128 INFO o.a.j.t.JMeterThread: Thread finished: Load Test - Peak Load (50 Users) 1-43
2026-04-07 23:25:56,128 INFO o.a.j.t.JMeterThread: Thread started: Load Test - Peak Load (50 Users) 1-26
2026-04-07 23:25:56,128 INFO o.a.j.t.JMeterThread: Stopping: Load Test - Peak Load (50 Users) 1-44
2026-04-07 23:25:56,128 INFO o.a.j.t.JMeterThread: Stopping: Load Test - Peak Load (50 Users) 1-21
2026-04-07 23:25:56,128 INFO o.a.j.t.JMeterThread: Thread finished: Load Test - Peak Load (50 Users) 1-26
2026-04-07 23:25:56,128 INFO o.a.j.t.JMeterThread: Stopping: Load Test - Peak Load (50 Users) 1-31
2026-04-07 23:25:56,128 INFO o.a.j.t.JMeterThread: Stopping: Load Test - Peak Load (50 Users) 1-47
2026-04-07 23:25:56,128 INFO o.a.j.t.JMeterThread: Stopping: Load Test - Peak Load (50 Users) 1-25
2026-04-07 23:25:56,128 INFO o.a.j.t.JMeterThread: Stopping: Demo Endurance Test - 5 Min (Assignment Screenshots) 2-1
2026-04-07 23:25:56,129 INFO o.a.j.t.JMeterThread: Stopping: Demo Endurance Test - 5 Min (Assignment Screenshots) 2-2
2026-04-07 23:25:56,128 INFO o.a.j.t.JMeterThread: Thread started: Load Test - Peak Load (50 Users) 1-21
2026-04-07 23:25:56,129 INFO o.a.j.t.JMeterThread: Stopping: Demo Endurance Test - 5 Min (Assignment Screenshots) 2-3
2026-04-07 23:25:56,129 INFO o.a.j.t.JMeterThread: Stopping: Demo Endurance Test - 5 Min (Assignment Screenshots) 2-6
2026-04-07 23:25:56,129 INFO o.a.j.t.JMeterThread: Thread finished: Load Test - Peak Load (50 Users) 1-21
2026-04-07 23:25:56,129 INFO o.a.j.t.JMeterThread: Stopping: Demo Endurance Test - 5 Min (Assignment Screenshots) 2-9
2026-04-07 23:25:56,129 INFO o.a.j.t.JMeterThread: Thread started: Load Test - Peak Load (50 Users) 1-25
2026-04-07 23:25:56,129 INFO o.a.j.t.JMeterThread: Stopping: Demo Endurance Test - 5 Min (Assignment Screenshots) 2-8
2026-04-07 23:25:56,129 INFO o.a.j.t.JMeterThread: Stopping: Demo Endurance Test - 5 Min (Assignment Screenshots) 2-5
2026-04-07 23:25:56,129 INFO o.a.j.t.JMeterThread: Stopping: Demo Endurance Test - 5 Min (Assignment Screenshots) 2-7
2026-04-07 23:25:56,129 INFO o.a.j.t.JMeterThread: Thread started: Load Test - Peak Load (50 Users) 1-44
2026-04-07 23:25:56,129 WARN o.a.j.t.JMeterThread: The delay timer was interrupted - probably did not wait as long as intended.
2026-04-07 23:25:56,129 WARN o.a.j.t.JMeterThread: The delay timer was interrupted - probably did not wait as long as intended.
2026-04-07 23:25:56,129 WARN o.a.j.t.JMeterThread: The delay timer was interrupted - probably did not wait as long as intended.
2026-04-07 23:25:56,129 INFO o.a.j.t.JMeterThread: Thread finished: Load Test - Peak Load (50 Users) 1-44
2026-04-07 23:25:56,129 INFO o.a.j.t.JMeterThread: Thread finished: Demo Endurance Test - 5 Min (Assignment Screenshots) 2-7
2026-04-07 23:25:56,129 INFO o.a.j.t.JMeterThread: Thread finished: Demo Endurance Test - 5 Min (Assignment Screenshots) 2-8
2026-04-07 23:25:56,129 INFO o.a.j.t.JMeterThread: Thread started: Load Test - Peak Load (50 Users) 1-31
2026-04-07 23:25:56,129 INFO o.a.j.t.JMeterThread: Thread started: Load Test - Peak Load (50 Users) 1-47
2026-04-07 23:25:56,129 INFO o.a.j.t.JMeterThread: Thread finished: Load Test - Peak Load (50 Users) 1-47
2026-04-07 23:25:56,129 WARN o.a.j.t.JMeterThread: The delay timer was interrupted - probably did not wait as long as intended.
2026-04-07 23:25:56,129 WARN o.a.j.t.JMeterThread: The delay timer was interrupted - probably did not wait as long as intended.
2026-04-07 23:25:56,128 INFO o.a.j.t.JMeterThread: Thread finished: Load Test - Peak Load (50 Users) 1-28
2026-04-07 23:25:56,129 WARN o.a.j.t.JMeterThread: The delay timer was interrupted - probably did not wait as long as intended.
2026-04-07 23:25:56,129 INFO o.a.j.t.JMeterThread: Thread finished: Load Test - Peak Load (50 Users) 1-31
2026-04-07 23:25:56,130 INFO o.a.j.t.JMeterThread: Thread finished: Demo Endurance Test - 5 Min (Assignment Screenshots) 2-6
2026-04-07 23:25:56,130 INFO o.a.j.t.JMeterThread: Thread started: Demo Endurance Test - 5 Min (Assignment Screenshots) 2-9
2026-04-07 23:25:56,130 WARN o.a.j.t.JMeterThread: The delay timer was interrupted - probably did not wait as long as intended.
2026-04-07 23:25:56,130 INFO o.a.j.t.JMeterThread: Thread finished: Demo Endurance Test - 5 Min (Assignment Screenshots) 2-9
2026-04-07 23:25:56,129 INFO o.a.j.t.JMeterThread: Stopping: Demo Endurance Test - 5 Min (Assignment Screenshots) 2-4
2026-04-07 23:25:56,130 INFO o.a.j.t.JMeterThread: Stopping: Demo Endurance Test - 5 Min (Assignment Screenshots) 2-10
2026-04-07 23:25:56,130 INFO o.a.j.t.JMeterThread: Thread finished: Demo Endurance Test - 5 Min (Assignment Screenshots) 2-3
2026-04-07 23:25:56,129 INFO o.a.j.t.JMeterThread: Thread finished: Load Test - Peak Load (50 Users) 1-25
2026-04-07 23:25:56,130 INFO o.a.j.t.JMeterThread: Thread finished: Demo Endurance Test - 5 Min (Assignment Screenshots) 2-5
2026-04-07 23:25:56,130 INFO o.a.j.t.JMeterThread: Thread started: Demo Endurance Test - 5 Min (Assignment Screenshots) 2-10
2026-04-07 23:25:56,129 INFO o.a.j.t.JMeterThread: Thread finished: Demo Endurance Test - 5 Min (Assignment Screenshots) 2-1
2026-04-07 23:25:56,129 INFO o.a.j.t.JMeterThread: Thread finished: Demo Endurance Test - 5 Min (Assignment Screenshots) 2-2
2026-04-07 23:25:56,130 INFO o.a.j.t.JMeterThread: Thread finished: Demo Endurance Test - 5 Min (Assignment Screenshots) 2-10
2026-04-07 23:25:56,130 WARN o.a.j.t.JMeterThread: The delay timer was interrupted - probably did not wait as long as intended.
2026-04-07 23:25:56,130 INFO o.a.j.t.JMeterThread: Thread finished: Demo Endurance Test - 5 Min (Assignment Screenshots) 2-4
2026-04-07 23:25:56,130 INFO o.a.j.e.StandardJMeterEngine: Notifying test listeners of end of test
2026-04-07 23:25:56,130 INFO o.a.j.r.Summariser: Summary Report - Demo Endurance +     47 in 00:00:22 =    2.1/s Avg:    79 Min:    51 Max:   252 Err:    47 (100.00%) Active: 0 Started: 60 Finished: 60
2026-04-07 23:25:56,130 INFO o.a.j.r.Summariser: Summary Report - Demo Endurance =     48 in 00:00:24 =    2.0/s Avg:    79 Min:    51 Max:   252 Err:    48 (100.00%)
2026-04-07 23:25:56,130 INFO o.a.j.r.Summariser: Summary Report - Load +     99 in 00:00:24 =    4.1/s Avg:    76 Min:    50 Max:   286 Err:    99 (100.00%) Active: 0 Started: 60 Finished: 60
2026-04-07 23:25:56,130 INFO o.a.j.r.Summariser: Summary Report - Load =    100 in 00:00:24 =    4.2/s Avg:    76 Min:    50 Max:   286 Err:   100 (100.00%)
2026-04-07 23:25:56,130 INFO o.a.j.g.u.JMeterMenuBar: setRunning(false, *local*)
2026-04-07 23:28:20,346 INFO o.a.j.e.StandardJMeterEngine: Running the test!
2026-04-07 23:28:20,346 INFO o.a.j.s.SampleEvent: List of sample_variables: []
2026-04-07 23:28:20,356 INFO o.a.j.g.u.JMeterMenuBar: setRunning(true, *local*)
2026-04-07 23:28:20,404 INFO o.a.j.e.StandardJMeterEngine: Starting ThreadGroup: 1 : Load Test - Peak Load (50 Users)
2026-04-07 23:28:20,404 INFO o.a.j.e.StandardJMeterEngine: Starting 50 threads for group Load Test - Peak Load (50 Users).
2026-04-07 23:28:20,404 INFO o.a.j.e.StandardJMeterEngine: Thread will continue on error
2026-04-07 23:28:20,404 INFO o.a.j.t.ThreadGroup: Starting thread group... number=1 threads=50 ramp-up=60 delayedStart=false
2026-04-07 23:28:20,404 INFO o.a.j.t.JMeterThread: Thread started: Load Test - Peak Load (50 Users) 1-1
2026-04-07 23:28:20,415 INFO o.a.j.t.ThreadGroup: Started thread group number 1
2026-04-07 23:28:20,415 INFO o.a.j.e.StandardJMeterEngine: Starting ThreadGroup: 2 : Demo Endurance Test - 5 Min (Assignment Screenshots)
2026-04-07 23:28:20,415 INFO o.a.j.e.StandardJMeterEngine: Starting 10 threads for group Demo Endurance Test - 5 Min (Assignment Screenshots).
2026-04-07 23:28:20,415 INFO o.a.j.e.StandardJMeterEngine: Thread will continue on error
2026-04-07 23:28:20,415 INFO o.a.j.t.ThreadGroup: Starting thread group... number=2 threads=10 ramp-up=30 delayedStart=false
2026-04-07 23:28:20,415 INFO o.a.j.t.JMeterThread: Thread started: Demo Endurance Test - 5 Min (Assignment Screenshots) 2-1
2026-04-07 23:28:20,415 INFO o.a.j.t.ThreadGroup: Started thread group number 2
2026-04-07 23:28:20,415 INFO o.a.j.e.StandardJMeterEngine: All thread groups have been started
2026-04-07 23:28:20,658 INFO o.a.j.t.JMeterThread: Thread is done: Load Test - Peak Load (50 Users) 1-1
2026-04-07 23:28:20,658 INFO o.a.j.t.JMeterThread: Thread finished: Load Test - Peak Load (50 Users) 1-1
2026-04-07 23:28:21,605 INFO o.a.j.t.JMeterThread: Thread started: Load Test - Peak Load (50 Users) 1-2
2026-04-07 23:28:21,781 INFO o.a.j.t.JMeterThread: Thread is done: Load Test - Peak Load (50 Users) 1-2
2026-04-07 23:28:21,781 INFO o.a.j.t.JMeterThread: Thread finished: Load Test - Peak Load (50 Users) 1-2
2026-04-07 23:28:22,806 INFO o.a.j.t.JMeterThread: Thread started: Load Test - Peak Load (50 Users) 1-3
2026-04-07 23:28:23,017 INFO o.a.j.t.JMeterThread: Thread is done: Load Test - Peak Load (50 Users) 1-3
2026-04-07 23:28:23,017 INFO o.a.j.t.JMeterThread: Thread finished: Load Test - Peak Load (50 Users) 1-3
2026-04-07 23:28:23,416 INFO o.a.j.t.JMeterThread: Thread started: Demo Endurance Test - 5 Min (Assignment Screenshots) 2-2
2026-04-07 23:28:24,005 INFO o.a.j.t.JMeterThread: Thread started: Load Test - Peak Load (50 Users) 1-4
2026-04-07 23:28:24,217 INFO o.a.j.t.JMeterThread: Thread is done: Load Test - Peak Load (50 Users) 1-4
2026-04-07 23:28:24,217 INFO o.a.j.t.JMeterThread: Thread finished: Load Test - Peak Load (50 Users) 1-4
2026-04-07 23:28:25,204 INFO o.a.j.t.JMeterThread: Thread started: Load Test - Peak Load (50 Users) 1-5
2026-04-07 23:28:25,410 INFO o.a.j.t.JMeterThread: Thread is done: Load Test - Peak Load (50 Users) 1-5
2026-04-07 23:28:25,410 INFO o.a.j.t.JMeterThread: Thread finished: Load Test - Peak Load (50 Users) 1-5
2026-04-07 23:28:26,404 INFO o.a.j.t.JMeterThread: Thread started: Load Test - Peak Load (50 Users) 1-6
2026-04-07 23:28:26,415 INFO o.a.j.t.JMeterThread: Thread started: Demo Endurance Test - 5 Min (Assignment Screenshots) 2-3
2026-04-07 23:28:26,605 INFO o.a.j.t.JMeterThread: Thread is done: Load Test - Peak Load (50 Users) 1-6
2026-04-07 23:28:26,605 INFO o.a.j.t.JMeterThread: Thread finished: Load Test - Peak Load (50 Users) 1-6
2026-04-07 23:28:27,606 INFO o.a.j.t.JMeterThread: Thread started: Load Test - Peak Load (50 Users) 1-7
2026-04-07 23:28:27,796 INFO o.a.j.t.JMeterThread: Thread is done: Load Test - Peak Load (50 Users) 1-7
2026-04-07 23:28:27,796 INFO o.a.j.t.JMeterThread: Thread finished: Load Test - Peak Load (50 Users) 1-7
2026-04-07 23:28:28,805 INFO o.a.j.t.JMeterThread: Thread started: Load Test - Peak Load (50 Users) 1-8
2026-04-07 23:28:28,991 INFO o.a.j.t.JMeterThread: Thread is done: Load Test - Peak Load (50 Users) 1-8
2026-04-07 23:28:28,991 INFO o.a.j.t.JMeterThread: Thread finished: Load Test - Peak Load (50 Users) 1-8
2026-04-07 23:28:29,416 INFO o.a.j.t.JMeterThread: Thread started: Demo Endurance Test - 5 Min (Assignment Screenshots) 2-4
2026-04-07 23:28:29,932 INFO o.a.j.g.a.Start: Stopping test
2026-04-07 23:28:29,952 INFO o.a.j.t.JMeterThread: Stopping: Load Test - Peak Load (50 Users) 1-31
2026-04-07 23:28:29,952 INFO o.a.j.t.JMeterThread: Stopping: Load Test - Peak Load (50 Users) 1-17
2026-04-07 23:28:29,952 INFO o.a.j.t.JMeterThread: Stopping: Load Test - Peak Load (50 Users) 1-34
2026-04-07 23:28:29,952 INFO o.a.j.t.JMeterThread: Stopping: Load Test - Peak Load (50 Users) 1-40
2026-04-07 23:28:29,952 INFO o.a.j.t.JMeterThread: Stopping: Load Test - Peak Load (50 Users) 1-43
2026-04-07 23:28:29,952 INFO o.a.j.t.JMeterThread: Stopping: Load Test - Peak Load (50 Users) 1-30
2026-04-07 23:28:29,952 INFO o.a.j.t.JMeterThread: Thread started: Load Test - Peak Load (50 Users) 1-31
2026-04-07 23:28:29,952 INFO o.a.j.t.JMeterThread: Stopping: Load Test - Peak Load (50 Users) 1-22
2026-04-07 23:28:29,952 INFO o.a.j.t.JMeterThread: Thread started: Load Test - Peak Load (50 Users) 1-43
2026-04-07 23:28:29,952 INFO o.a.j.t.JMeterThread: Thread started: Load Test - Peak Load (50 Users) 1-34
2026-04-07 23:28:29,952 INFO o.a.j.t.JMeterThread: Thread started: Load Test - Peak Load (50 Users) 1-40
2026-04-07 23:28:29,952 INFO o.a.j.t.JMeterThread: Thread finished: Load Test - Peak Load (50 Users) 1-31
2026-04-07 23:28:29,952 INFO o.a.j.t.JMeterThread: Thread finished: Load Test - Peak Load (50 Users) 1-43
2026-04-07 23:28:29,952 INFO o.a.j.t.JMeterThread: Thread finished: Load Test - Peak Load (50 Users) 1-34
2026-04-07 23:28:29,952 INFO o.a.j.t.JMeterThread: Thread finished: Load Test - Peak Load (50 Users) 1-40
2026-04-07 23:28:29,952 INFO o.a.j.t.JMeterThread: Thread started: Load Test - Peak Load (50 Users) 1-22
2026-04-07 23:28:29,952 INFO o.a.j.t.JMeterThread: Thread started: Load Test - Peak Load (50 Users) 1-30
2026-04-07 23:28:29,952 INFO o.a.j.t.JMeterThread: Stopping: Load Test - Peak Load (50 Users) 1-42
2026-04-07 23:28:29,952 INFO o.a.j.t.JMeterThread: Thread finished: Load Test - Peak Load (50 Users) 1-22
2026-04-07 23:28:29,952 INFO o.a.j.t.JMeterThread: Stopping: Load Test - Peak Load (50 Users) 1-23
2026-04-07 23:28:29,952 INFO o.a.j.t.JMeterThread: Thread finished: Load Test - Peak Load (50 Users) 1-30
2026-04-07 23:28:29,952 INFO o.a.j.t.JMeterThread: Stopping: Load Test - Peak Load (50 Users) 1-10
2026-04-07 23:28:29,952 INFO o.a.j.t.JMeterThread: Stopping: Load Test - Peak Load (50 Users) 1-14
2026-04-07 23:28:29,952 INFO o.a.j.t.JMeterThread: Thread started: Load Test - Peak Load (50 Users) 1-42
2026-04-07 23:28:29,952 INFO o.a.j.t.JMeterThread: Thread started: Load Test - Peak Load (50 Users) 1-17
2026-04-07 23:28:29,952 INFO o.a.j.t.JMeterThread: Stopping: Load Test - Peak Load (50 Users) 1-27
2026-04-07 23:28:29,952 INFO o.a.j.t.JMeterThread: Stopping: Load Test - Peak Load (50 Users) 1-16
2026-04-07 23:28:29,952 INFO o.a.j.t.JMeterThread: Thread finished: Load Test - Peak Load (50 Users) 1-42
2026-04-07 23:28:29,952 INFO o.a.j.t.JMeterThread: Thread started: Load Test - Peak Load (50 Users) 1-10
2026-04-07 23:28:29,952 INFO o.a.j.t.JMeterThread: Thread started: Load Test - Peak Load (50 Users) 1-16
2026-04-07 23:28:29,952 INFO o.a.j.t.JMeterThread: Thread finished: Load Test - Peak Load (50 Users) 1-10
2026-04-07 23:28:29,952 INFO o.a.j.t.JMeterThread: Thread started: Load Test - Peak Load (50 Users) 1-14
2026-04-07 23:28:29,952 INFO o.a.j.t.JMeterThread: Thread finished: Load Test - Peak Load (50 Users) 1-16
2026-04-07 23:28:29,952 INFO o.a.j.t.JMeterThread: Thread started: Load Test - Peak Load (50 Users) 1-23
2026-04-07 23:28:29,952 INFO o.a.j.t.JMeterThread: Thread finished: Load Test - Peak Load (50 Users) 1-23
2026-04-07 23:28:29,952 INFO o.a.j.t.JMeterThread: Thread finished: Load Test - Peak Load (50 Users) 1-17
2026-04-07 23:28:29,952 INFO o.a.j.t.JMeterThread: Thread started: Load Test - Peak Load (50 Users) 1-27
2026-04-07 23:28:29,952 INFO o.a.j.t.JMeterThread: Thread finished: Load Test - Peak Load (50 Users) 1-14
2026-04-07 23:28:29,952 INFO o.a.j.t.JMeterThread: Stopping: Load Test - Peak Load (50 Users) 1-15
2026-04-07 23:28:29,952 INFO o.a.j.t.JMeterThread: Thread finished: Load Test - Peak Load (50 Users) 1-27
2026-04-07 23:28:29,952 INFO o.a.j.t.JMeterThread: Stopping: Load Test - Peak Load (50 Users) 1-38
2026-04-07 23:28:29,952 INFO o.a.j.t.JMeterThread: Stopping: Load Test - Peak Load (50 Users) 1-48
2026-04-07 23:28:29,952 INFO o.a.j.t.JMeterThread: Stopping: Load Test - Peak Load (50 Users) 1-20
2026-04-07 23:28:29,952 INFO o.a.j.t.JMeterThread: Stopping: Load Test - Peak Load (50 Users) 1-37
2026-04-07 23:28:29,952 INFO o.a.j.t.JMeterThread: Stopping: Load Test - Peak Load (50 Users) 1-11
2026-04-07 23:28:29,952 INFO o.a.j.t.JMeterThread: Stopping: Load Test - Peak Load (50 Users) 1-26
2026-04-07 23:28:29,952 INFO o.a.j.t.JMeterThread: Thread started: Load Test - Peak Load (50 Users) 1-48
2026-04-07 23:28:29,952 INFO o.a.j.t.JMeterThread: Stopping: Load Test - Peak Load (50 Users) 1-36
2026-04-07 23:28:29,953 INFO o.a.j.t.JMeterThread: Thread started: Load Test - Peak Load (50 Users) 1-37
2026-04-07 23:28:29,953 INFO o.a.j.t.JMeterThread: Stopping: Load Test - Peak Load (50 Users) 1-9
2026-04-07 23:28:29,953 INFO o.a.j.t.JMeterThread: Thread finished: Load Test - Peak Load (50 Users) 1-48
2026-04-07 23:28:29,953 INFO o.a.j.t.JMeterThread: Stopping: Load Test - Peak Load (50 Users) 1-28
2026-04-07 23:28:29,953 INFO o.a.j.t.JMeterThread: Thread started: Load Test - Peak Load (50 Users) 1-20
2026-04-07 23:28:29,953 INFO o.a.j.t.JMeterThread: Thread started: Load Test - Peak Load (50 Users) 1-38
2026-04-07 23:28:29,953 INFO o.a.j.t.JMeterThread: Thread started: Load Test - Peak Load (50 Users) 1-36
2026-04-07 23:28:29,953 INFO o.a.j.t.JMeterThread: Stopping: Load Test - Peak Load (50 Users) 1-47
2026-04-07 23:28:29,953 INFO o.a.j.t.JMeterThread: Thread finished: Load Test - Peak Load (50 Users) 1-36
2026-04-07 23:28:29,953 INFO o.a.j.t.JMeterThread: Thread started: Load Test - Peak Load (50 Users) 1-28
2026-04-07 23:28:29,953 INFO o.a.j.t.JMeterThread: Stopping: Load Test - Peak Load (50 Users) 1-24
2026-04-07 23:28:29,953 INFO o.a.j.t.JMeterThread: Stopping: Load Test - Peak Load (50 Users) 1-50
2026-04-07 23:28:29,953 INFO o.a.j.t.JMeterThread: Stopping: Load Test - Peak Load (50 Users) 1-13
2026-04-07 23:28:29,953 INFO o.a.j.t.JMeterThread: Stopping: Load Test - Peak Load (50 Users) 1-12
2026-04-07 23:28:29,953 INFO o.a.j.t.JMeterThread: Thread started: Load Test - Peak Load (50 Users) 1-11
2026-04-07 23:28:29,953 INFO o.a.j.t.JMeterThread: Thread started: Load Test - Peak Load (50 Users) 1-47
2026-04-07 23:28:29,953 INFO o.a.j.t.JMeterThread: Thread started: Load Test - Peak Load (50 Users) 1-26
2026-04-07 23:28:29,953 INFO o.a.j.t.JMeterThread: Thread finished: Load Test - Peak Load (50 Users) 1-11
2026-04-07 23:28:29,953 INFO o.a.j.t.JMeterThread: Thread finished: Load Test - Peak Load (50 Users) 1-47
2026-04-07 23:28:29,953 INFO o.a.j.t.JMeterThread: Thread started: Load Test - Peak Load (50 Users) 1-50
2026-04-07 23:28:29,953 INFO o.a.j.t.JMeterThread: Thread finished: Load Test - Peak Load (50 Users) 1-37
2026-04-07 23:28:29,953 INFO o.a.j.t.JMeterThread: Thread started: Load Test - Peak Load (50 Users) 1-13
2026-04-07 23:28:29,953 INFO o.a.j.t.JMeterThread: Thread finished: Load Test - Peak Load (50 Users) 1-26
2026-04-07 23:28:29,953 INFO o.a.j.t.JMeterThread: Thread started: Load Test - Peak Load (50 Users) 1-24
2026-04-07 23:28:29,953 INFO o.a.j.t.JMeterThread: Stopping: Load Test - Peak Load (50 Users) 1-35
2026-04-07 23:28:29,954 INFO o.a.j.t.JMeterThread: Stopping: Load Test - Peak Load (50 Users) 1-32
2026-04-07 23:28:29,954 INFO o.a.j.t.JMeterThread: Thread finished: Load Test - Peak Load (50 Users) 1-24
2026-04-07 23:28:29,954 INFO o.a.j.t.JMeterThread: Stopping: Load Test - Peak Load (50 Users) 1-45
2026-04-07 23:28:29,953 INFO o.a.j.t.JMeterThread: Thread finished: Load Test - Peak Load (50 Users) 1-38
2026-04-07 23:28:29,954 INFO o.a.j.t.JMeterThread: Thread started: Load Test - Peak Load (50 Users) 1-32
2026-04-07 23:28:29,953 INFO o.a.j.t.JMeterThread: Thread started: Load Test - Peak Load (50 Users) 1-9
2026-04-07 23:28:29,952 INFO o.a.j.t.JMeterThread: Thread started: Load Test - Peak Load (50 Users) 1-15
2026-04-07 23:28:29,954 INFO o.a.j.t.JMeterThread: Thread started: Load Test - Peak Load (50 Users) 1-35
2026-04-07 23:28:29,953 INFO o.a.j.t.JMeterThread: Thread finished: Load Test - Peak Load (50 Users) 1-20
2026-04-07 23:28:29,954 INFO o.a.j.t.JMeterThread: Thread finished: Load Test - Peak Load (50 Users) 1-9
2026-04-07 23:28:29,954 INFO o.a.j.t.JMeterThread: Thread started: Load Test - Peak Load (50 Users) 1-45
2026-04-07 23:28:29,954 INFO o.a.j.t.JMeterThread: Thread finished: Load Test - Peak Load (50 Users) 1-15
2026-04-07 23:28:29,954 INFO o.a.j.t.JMeterThread: Thread finished: Load Test - Peak Load (50 Users) 1-32
2026-04-07 23:28:29,954 INFO o.a.j.t.JMeterThread: Stopping: Load Test - Peak Load (50 Users) 1-39
2026-04-07 23:28:29,954 INFO o.a.j.t.JMeterThread: Thread finished: Load Test - Peak Load (50 Users) 1-45
2026-04-07 23:28:29,954 INFO o.a.j.t.JMeterThread: Thread finished: Load Test - Peak Load (50 Users) 1-28
2026-04-07 23:28:29,954 INFO o.a.j.t.JMeterThread: Stopping: Load Test - Peak Load (50 Users) 1-44
2026-04-07 23:28:29,953 INFO o.a.j.t.JMeterThread: Thread finished: Load Test - Peak Load (50 Users) 1-13
2026-04-07 23:28:29,953 INFO o.a.j.t.JMeterThread: Thread finished: Load Test - Peak Load (50 Users) 1-50
2026-04-07 23:28:29,954 INFO o.a.j.t.JMeterThread: Thread started: Load Test - Peak Load (50 Users) 1-39
2026-04-07 23:28:29,953 INFO o.a.j.t.JMeterThread: Thread started: Load Test - Peak Load (50 Users) 1-12
2026-04-07 23:28:29,954 INFO o.a.j.t.JMeterThread: Stopping: Load Test - Peak Load (50 Users) 1-41
2026-04-07 23:28:29,954 INFO o.a.j.t.JMeterThread: Stopping: Load Test - Peak Load (50 Users) 1-25
2026-04-07 23:28:29,954 INFO o.a.j.t.JMeterThread: Thread finished: Load Test - Peak Load (50 Users) 1-39
2026-04-07 23:28:29,954 INFO o.a.j.t.JMeterThread: Stopping: Load Test - Peak Load (50 Users) 1-29
2026-04-07 23:28:29,954 INFO o.a.j.t.JMeterThread: Stopping: Load Test - Peak Load (50 Users) 1-18
2026-04-07 23:28:29,954 INFO o.a.j.t.JMeterThread: Thread finished: Load Test - Peak Load (50 Users) 1-12
2026-04-07 23:28:29,954 INFO o.a.j.t.JMeterThread: Thread started: Load Test - Peak Load (50 Users) 1-41
2026-04-07 23:28:29,954 INFO o.a.j.t.JMeterThread: Stopping: Load Test - Peak Load (50 Users) 1-33
2026-04-07 23:28:29,954 INFO o.a.j.t.JMeterThread: Thread started: Load Test - Peak Load (50 Users) 1-25
2026-04-07 23:28:29,954 INFO o.a.j.t.JMeterThread: Thread finished: Load Test - Peak Load (50 Users) 1-35
2026-04-07 23:28:29,954 INFO o.a.j.t.JMeterThread: Thread started: Load Test - Peak Load (50 Users) 1-29
2026-04-07 23:28:29,954 INFO o.a.j.t.JMeterThread: Thread started: Load Test - Peak Load (50 Users) 1-33
2026-04-07 23:28:29,954 INFO o.a.j.t.JMeterThread: Thread finished: Load Test - Peak Load (50 Users) 1-29
2026-04-07 23:28:29,954 INFO o.a.j.t.JMeterThread: Thread finished: Load Test - Peak Load (50 Users) 1-25
2026-04-07 23:28:29,954 INFO o.a.j.t.JMeterThread: Thread finished: Load Test - Peak Load (50 Users) 1-33
2026-04-07 23:28:29,954 INFO o.a.j.t.JMeterThread: Thread started: Load Test - Peak Load (50 Users) 1-18
2026-04-07 23:28:29,954 INFO o.a.j.t.JMeterThread: Stopping: Load Test - Peak Load (50 Users) 1-49
2026-04-07 23:28:29,954 INFO o.a.j.t.JMeterThread: Thread finished: Load Test - Peak Load (50 Users) 1-41
2026-04-07 23:28:29,954 INFO o.a.j.t.JMeterThread: Stopping: Load Test - Peak Load (50 Users) 1-21
2026-04-07 23:28:29,954 INFO o.a.j.t.JMeterThread: Thread finished: Load Test - Peak Load (50 Users) 1-18
2026-04-07 23:28:29,954 INFO o.a.j.t.JMeterThread: Thread started: Load Test - Peak Load (50 Users) 1-49
2026-04-07 23:28:29,954 INFO o.a.j.t.JMeterThread: Thread started: Load Test - Peak Load (50 Users) 1-44
2026-04-07 23:28:29,955 INFO o.a.j.t.JMeterThread: Thread started: Load Test - Peak Load (50 Users) 1-21
2026-04-07 23:28:29,955 INFO o.a.j.t.JMeterThread: Thread finished: Load Test - Peak Load (50 Users) 1-49
2026-04-07 23:28:29,955 INFO o.a.j.t.JMeterThread: Thread finished: Load Test - Peak Load (50 Users) 1-44
2026-04-07 23:28:29,954 INFO o.a.j.t.JMeterThread: Stopping: Load Test - Peak Load (50 Users) 1-19
2026-04-07 23:28:29,955 INFO o.a.j.t.JMeterThread: Thread finished: Load Test - Peak Load (50 Users) 1-21
2026-04-07 23:28:29,955 INFO o.a.j.t.JMeterThread: Stopping: Load Test - Peak Load (50 Users) 1-46
2026-04-07 23:28:29,955 INFO o.a.j.t.JMeterThread: Thread started: Load Test - Peak Load (50 Users) 1-19
2026-04-07 23:28:29,955 INFO o.a.j.t.JMeterThread: Stopping: Demo Endurance Test - 5 Min (Assignment Screenshots) 2-1
2026-04-07 23:28:29,955 INFO o.a.j.t.JMeterThread: Stopping: Demo Endurance Test - 5 Min (Assignment Screenshots) 2-10
2026-04-07 23:28:29,955 INFO o.a.j.t.JMeterThread: Thread started: Load Test - Peak Load (50 Users) 1-46
2026-04-07 23:28:29,955 INFO o.a.j.t.JMeterThread: Thread finished: Load Test - Peak Load (50 Users) 1-19
2026-04-07 23:28:29,955 INFO o.a.j.t.JMeterThread: Stopping: Demo Endurance Test - 5 Min (Assignment Screenshots) 2-4
2026-04-07 23:28:29,955 WARN o.a.j.t.JMeterThread: The delay timer was interrupted - probably did not wait as long as intended.
2026-04-07 23:28:29,955 INFO o.a.j.t.JMeterThread: Stopping: Demo Endurance Test - 5 Min (Assignment Screenshots) 2-6
2026-04-07 23:28:29,955 WARN o.a.j.t.JMeterThread: The delay timer was interrupted - probably did not wait as long as intended.
2026-04-07 23:28:29,955 INFO o.a.j.t.JMeterThread: Thread finished: Demo Endurance Test - 5 Min (Assignment Screenshots) 2-1
2026-04-07 23:28:29,955 INFO o.a.j.t.JMeterThread: Thread finished: Load Test - Peak Load (50 Users) 1-46
2026-04-07 23:28:29,955 INFO o.a.j.t.JMeterThread: Thread finished: Demo Endurance Test - 5 Min (Assignment Screenshots) 2-4
2026-04-07 23:28:29,955 INFO o.a.j.t.JMeterThread: Stopping: Demo Endurance Test - 5 Min (Assignment Screenshots) 2-9
2026-04-07 23:28:29,955 INFO o.a.j.t.JMeterThread: Thread started: Demo Endurance Test - 5 Min (Assignment Screenshots) 2-10
2026-04-07 23:28:29,955 INFO o.a.j.t.JMeterThread: Thread started: Demo Endurance Test - 5 Min (Assignment Screenshots) 2-6
2026-04-07 23:28:29,955 INFO o.a.j.t.JMeterThread: Stopping: Demo Endurance Test - 5 Min (Assignment Screenshots) 2-2
2026-04-07 23:28:29,955 INFO o.a.j.t.JMeterThread: Thread finished: Demo Endurance Test - 5 Min (Assignment Screenshots) 2-10
2026-04-07 23:28:29,955 INFO o.a.j.t.JMeterThread: Stopping: Demo Endurance Test - 5 Min (Assignment Screenshots) 2-7
2026-04-07 23:28:29,955 INFO o.a.j.t.JMeterThread: Thread finished: Demo Endurance Test - 5 Min (Assignment Screenshots) 2-6
2026-04-07 23:28:29,955 INFO o.a.j.t.JMeterThread: Stopping: Demo Endurance Test - 5 Min (Assignment Screenshots) 2-5
2026-04-07 23:28:29,955 INFO o.a.j.t.JMeterThread: Thread started: Demo Endurance Test - 5 Min (Assignment Screenshots) 2-9
2026-04-07 23:28:29,955 INFO o.a.j.t.JMeterThread: Stopping: Demo Endurance Test - 5 Min (Assignment Screenshots) 2-8
2026-04-07 23:28:29,956 INFO o.a.j.t.JMeterThread: Thread finished: Demo Endurance Test - 5 Min (Assignment Screenshots) 2-9
2026-04-07 23:28:29,955 WARN o.a.j.t.JMeterThread: The delay timer was interrupted - probably did not wait as long as intended.
2026-04-07 23:28:29,956 INFO o.a.j.t.JMeterThread: Stopping: Demo Endurance Test - 5 Min (Assignment Screenshots) 2-3
2026-04-07 23:28:29,956 INFO o.a.j.t.JMeterThread: Thread started: Demo Endurance Test - 5 Min (Assignment Screenshots) 2-7
2026-04-07 23:28:29,956 INFO o.a.j.t.JMeterThread: Thread started: Demo Endurance Test - 5 Min (Assignment Screenshots) 2-5
2026-04-07 23:28:29,956 INFO o.a.j.t.JMeterThread: Thread finished: Demo Endurance Test - 5 Min (Assignment Screenshots) 2-2
2026-04-07 23:28:29,956 WARN o.a.j.t.JMeterThread: The delay timer was interrupted - probably did not wait as long as intended.
2026-04-07 23:28:29,956 INFO o.a.j.t.JMeterThread: Thread finished: Demo Endurance Test - 5 Min (Assignment Screenshots) 2-5
2026-04-07 23:28:29,956 INFO o.a.j.t.JMeterThread: Thread started: Demo Endurance Test - 5 Min (Assignment Screenshots) 2-8
2026-04-07 23:28:29,956 INFO o.a.j.t.JMeterThread: Thread finished: Demo Endurance Test - 5 Min (Assignment Screenshots) 2-3
2026-04-07 23:28:29,956 INFO o.a.j.t.JMeterThread: Thread finished: Demo Endurance Test - 5 Min (Assignment Screenshots) 2-7
2026-04-07 23:28:29,956 INFO o.a.j.t.JMeterThread: Thread finished: Demo Endurance Test - 5 Min (Assignment Screenshots) 2-8
2026-04-07 23:28:29,956 INFO o.a.j.e.StandardJMeterEngine: Notifying test listeners of end of test
2026-04-07 23:28:29,956 INFO o.a.j.r.Summariser: Summary Report - Demo Endurance =      8 in 00:00:10 =    0.8/s Avg:    37 Min:    34 Max:    45 Err:     8 (100.00%)
2026-04-07 23:28:29,956 INFO o.a.j.r.Summariser: Summary Report - Load =     40 in 00:00:10 =    4.2/s Avg:    39 Min:    32 Max:    84 Err:    40 (100.00%)
2026-04-07 23:28:29,957 INFO o.a.j.g.u.JMeterMenuBar: setRunning(false, *local*)
2026-04-07 23:37:19,436 INFO o.a.j.e.StandardJMeterEngine: Running the test!
2026-04-07 23:37:19,436 INFO o.a.j.s.SampleEvent: List of sample_variables: []
2026-04-07 23:37:19,451 INFO o.a.j.g.u.JMeterMenuBar: setRunning(true, *local*)
2026-04-07 23:37:19,499 INFO o.a.j.e.StandardJMeterEngine: Starting ThreadGroup: 1 : Load Test - Peak Load (50 Users)
2026-04-07 23:37:19,499 INFO o.a.j.e.StandardJMeterEngine: Starting 50 threads for group Load Test - Peak Load (50 Users).
2026-04-07 23:37:19,499 INFO o.a.j.e.StandardJMeterEngine: Thread will continue on error
2026-04-07 23:37:19,499 INFO o.a.j.t.ThreadGroup: Starting thread group... number=1 threads=50 ramp-up=60 delayedStart=false
2026-04-07 23:37:19,508 INFO o.a.j.t.JMeterThread: Thread started: Load Test - Peak Load (50 Users) 1-1
2026-04-07 23:37:19,510 INFO o.a.j.t.ThreadGroup: Started thread group number 1
2026-04-07 23:37:19,510 INFO o.a.j.e.StandardJMeterEngine: Starting ThreadGroup: 2 : Demo Endurance Test - 5 Min (Assignment Screenshots)
2026-04-07 23:37:19,510 INFO o.a.j.e.StandardJMeterEngine: Starting 10 threads for group Demo Endurance Test - 5 Min (Assignment Screenshots).
2026-04-07 23:37:19,510 INFO o.a.j.e.StandardJMeterEngine: Thread will continue on error
2026-04-07 23:37:19,510 INFO o.a.j.t.ThreadGroup: Starting thread group... number=2 threads=10 ramp-up=30 delayedStart=false
2026-04-07 23:37:19,510 INFO o.a.j.t.JMeterThread: Thread started: Demo Endurance Test - 5 Min (Assignment Screenshots) 2-1
2026-04-07 23:37:19,510 INFO o.a.j.t.ThreadGroup: Started thread group number 2
2026-04-07 23:37:19,510 INFO o.a.j.e.StandardJMeterEngine: All thread groups have been started
2026-04-07 23:37:19,848 INFO o.a.j.t.JMeterThread: Thread is done: Load Test - Peak Load (50 Users) 1-1
2026-04-07 23:37:19,848 INFO o.a.j.t.JMeterThread: Thread finished: Load Test - Peak Load (50 Users) 1-1
2026-04-07 23:37:20,709 INFO o.a.j.t.JMeterThread: Thread started: Load Test - Peak Load (50 Users) 1-2
2026-04-07 23:37:21,027 INFO o.a.j.t.JMeterThread: Thread is done: Load Test - Peak Load (50 Users) 1-2
2026-04-07 23:37:21,027 INFO o.a.j.t.JMeterThread: Thread finished: Load Test - Peak Load (50 Users) 1-2
2026-04-07 23:37:21,900 INFO o.a.j.t.JMeterThread: Thread started: Load Test - Peak Load (50 Users) 1-3
2026-04-07 23:37:22,196 INFO o.a.j.t.JMeterThread: Thread is done: Load Test - Peak Load (50 Users) 1-3
2026-04-07 23:37:22,197 INFO o.a.j.t.JMeterThread: Thread finished: Load Test - Peak Load (50 Users) 1-3
2026-04-07 23:37:22,511 INFO o.a.j.t.JMeterThread: Thread started: Demo Endurance Test - 5 Min (Assignment Screenshots) 2-2
2026-04-07 23:37:23,100 INFO o.a.j.t.JMeterThread: Thread started: Load Test - Peak Load (50 Users) 1-4
2026-04-07 23:37:23,393 INFO o.a.j.t.JMeterThread: Thread is done: Load Test - Peak Load (50 Users) 1-4
2026-04-07 23:37:23,393 INFO o.a.j.t.JMeterThread: Thread finished: Load Test - Peak Load (50 Users) 1-4
2026-04-07 23:37:24,300 INFO o.a.j.t.JMeterThread: Thread started: Load Test - Peak Load (50 Users) 1-5
2026-04-07 23:37:24,580 INFO o.a.j.t.JMeterThread: Thread is done: Load Test - Peak Load (50 Users) 1-5
2026-04-07 23:37:24,580 INFO o.a.j.t.JMeterThread: Thread finished: Load Test - Peak Load (50 Users) 1-5
2026-04-07 23:37:25,499 INFO o.a.j.t.JMeterThread: Thread started: Load Test - Peak Load (50 Users) 1-6
2026-04-07 23:37:25,510 INFO o.a.j.t.JMeterThread: Thread started: Demo Endurance Test - 5 Min (Assignment Screenshots) 2-3
2026-04-07 23:37:25,795 INFO o.a.j.t.JMeterThread: Thread is done: Load Test - Peak Load (50 Users) 1-6
2026-04-07 23:37:25,795 INFO o.a.j.t.JMeterThread: Thread finished: Load Test - Peak Load (50 Users) 1-6
2026-04-07 23:37:26,700 INFO o.a.j.t.JMeterThread: Thread started: Load Test - Peak Load (50 Users) 1-7
2026-04-07 23:37:27,004 INFO o.a.j.t.JMeterThread: Thread is done: Load Test - Peak Load (50 Users) 1-7
2026-04-07 23:37:27,004 INFO o.a.j.t.JMeterThread: Thread finished: Load Test - Peak Load (50 Users) 1-7
2026-04-07 23:37:27,900 INFO o.a.j.t.JMeterThread: Thread started: Load Test - Peak Load (50 Users) 1-8
2026-04-07 23:37:28,201 INFO o.a.j.t.JMeterThread: Thread is done: Load Test - Peak Load (50 Users) 1-8
2026-04-07 23:37:28,201 INFO o.a.j.t.JMeterThread: Thread finished: Load Test - Peak Load (50 Users) 1-8
2026-04-07 23:37:28,520 INFO o.a.j.t.JMeterThread: Thread started: Demo Endurance Test - 5 Min (Assignment Screenshots) 2-4
2026-04-07 23:37:29,100 INFO o.a.j.t.JMeterThread: Thread started: Load Test - Peak Load (50 Users) 1-9
2026-04-07 23:37:29,403 INFO o.a.j.t.JMeterThread: Thread is done: Load Test - Peak Load (50 Users) 1-9
2026-04-07 23:37:29,403 INFO o.a.j.t.JMeterThread: Thread finished: Load Test - Peak Load (50 Users) 1-9
2026-04-07 23:37:30,299 INFO o.a.j.t.JMeterThread: Thread started: Load Test - Peak Load (50 Users) 1-10
2026-04-07 23:37:30,347 INFO o.a.j.r.Summariser: Summary Report - Load +     46 in 00:00:11 =    4.2/s Avg:    60 Min:    53 Max:    98 Err:    46 (100.00%) Active: 5 Started: 14 Finished: 9
2026-04-07 23:37:30,596 INFO o.a.j.r.Summariser: Summary Report - Demo Endurance +     11 in 00:00:11 =    1.0/s Avg:    61 Min:    53 Max:    77 Err:    11 (100.00%) Active: 5 Started: 14 Finished: 9
2026-04-07 23:37:30,609 INFO o.a.j.t.JMeterThread: Thread is done: Load Test - Peak Load (50 Users) 1-10
2026-04-07 23:37:30,609 INFO o.a.j.t.JMeterThread: Thread finished: Load Test - Peak Load (50 Users) 1-10
2026-04-07 23:37:31,500 INFO o.a.j.t.JMeterThread: Thread started: Load Test - Peak Load (50 Users) 1-11
2026-04-07 23:37:31,510 INFO o.a.j.t.JMeterThread: Thread started: Demo Endurance Test - 5 Min (Assignment Screenshots) 2-5
2026-04-07 23:37:31,843 INFO o.a.j.t.JMeterThread: Thread is done: Load Test - Peak Load (50 Users) 1-11
2026-04-07 23:37:31,843 INFO o.a.j.t.JMeterThread: Thread finished: Load Test - Peak Load (50 Users) 1-11
2026-04-07 23:37:32,700 INFO o.a.j.t.JMeterThread: Thread started: Load Test - Peak Load (50 Users) 1-12
2026-04-07 23:37:33,008 INFO o.a.j.t.JMeterThread: Thread is done: Load Test - Peak Load (50 Users) 1-12
2026-04-07 23:37:33,008 INFO o.a.j.t.JMeterThread: Thread finished: Load Test - Peak Load (50 Users) 1-12
2026-04-07 23:37:33,899 INFO o.a.j.t.JMeterThread: Thread started: Load Test - Peak Load (50 Users) 1-13
2026-04-07 23:37:34,220 INFO o.a.j.t.JMeterThread: Thread is done: Load Test - Peak Load (50 Users) 1-13
2026-04-07 23:37:34,220 INFO o.a.j.t.JMeterThread: Thread finished: Load Test - Peak Load (50 Users) 1-13
2026-04-07 23:37:34,510 INFO o.a.j.t.JMeterThread: Thread started: Demo Endurance Test - 5 Min (Assignment Screenshots) 2-6
2026-04-07 23:37:35,100 INFO o.a.j.t.JMeterThread: Thread started: Load Test - Peak Load (50 Users) 1-14
2026-04-07 23:37:35,404 INFO o.a.j.t.JMeterThread: Thread is done: Load Test - Peak Load (50 Users) 1-14
2026-04-07 23:37:35,404 INFO o.a.j.t.JMeterThread: Thread finished: Load Test - Peak Load (50 Users) 1-14
2026-04-07 23:37:36,299 INFO o.a.j.t.JMeterThread: Thread started: Load Test - Peak Load (50 Users) 1-15
2026-04-07 23:37:36,601 INFO o.a.j.t.JMeterThread: Thread is done: Load Test - Peak Load (50 Users) 1-15
2026-04-07 23:37:36,601 INFO o.a.j.t.JMeterThread: Thread finished: Load Test - Peak Load (50 Users) 1-15
2026-04-07 23:37:37,499 INFO o.a.j.t.JMeterThread: Thread started: Load Test - Peak Load (50 Users) 1-16
2026-04-07 23:37:37,510 INFO o.a.j.t.JMeterThread: Thread started: Demo Endurance Test - 5 Min (Assignment Screenshots) 2-7
2026-04-07 23:37:37,796 INFO o.a.j.t.JMeterThread: Thread is done: Load Test - Peak Load (50 Users) 1-16
2026-04-07 23:37:37,796 INFO o.a.j.t.JMeterThread: Thread finished: Load Test - Peak Load (50 Users) 1-16
2026-04-07 23:37:38,703 INFO o.a.j.t.JMeterThread: Thread started: Load Test - Peak Load (50 Users) 1-17
2026-04-07 23:37:38,987 INFO o.a.j.t.JMeterThread: Thread is done: Load Test - Peak Load (50 Users) 1-17
2026-04-07 23:37:38,987 INFO o.a.j.t.JMeterThread: Thread finished: Load Test - Peak Load (50 Users) 1-17
2026-04-07 23:37:39,463 INFO o.a.j.g.a.Start: Stopping test
2026-04-07 23:37:39,479 INFO o.a.j.t.JMeterThread: Stopping: Load Test - Peak Load (50 Users) 1-30
2026-04-07 23:37:39,479 INFO o.a.j.t.JMeterThread: Stopping: Load Test - Peak Load (50 Users) 1-39
2026-04-07 23:37:39,479 INFO o.a.j.t.JMeterThread: Stopping: Load Test - Peak Load (50 Users) 1-47
2026-04-07 23:37:39,479 INFO o.a.j.t.JMeterThread: Stopping: Load Test - Peak Load (50 Users) 1-48
2026-04-07 23:37:39,479 INFO o.a.j.t.JMeterThread: Stopping: Load Test - Peak Load (50 Users) 1-24
2026-04-07 23:37:39,479 INFO o.a.j.t.JMeterThread: Stopping: Load Test - Peak Load (50 Users) 1-23
2026-04-07 23:37:39,479 INFO o.a.j.t.JMeterThread: Thread started: Load Test - Peak Load (50 Users) 1-39
2026-04-07 23:37:39,479 INFO o.a.j.t.JMeterThread: Thread started: Load Test - Peak Load (50 Users) 1-48
2026-04-07 23:37:39,490 INFO o.a.j.t.JMeterThread: Thread finished: Load Test - Peak Load (50 Users) 1-39
2026-04-07 23:37:39,490 INFO o.a.j.t.JMeterThread: Thread finished: Load Test - Peak Load (50 Users) 1-48
2026-04-07 23:37:39,479 INFO o.a.j.t.JMeterThread: Thread started: Load Test - Peak Load (50 Users) 1-23
2026-04-07 23:37:39,479 INFO o.a.j.t.JMeterThread: Thread started: Load Test - Peak Load (50 Users) 1-47
2026-04-07 23:37:39,479 INFO o.a.j.t.JMeterThread: Thread started: Load Test - Peak Load (50 Users) 1-30
2026-04-07 23:37:39,490 INFO o.a.j.t.JMeterThread: Stopping: Load Test - Peak Load (50 Users) 1-45
2026-04-07 23:37:39,490 INFO o.a.j.t.JMeterThread: Thread finished: Load Test - Peak Load (50 Users) 1-30
2026-04-07 23:37:39,490 INFO o.a.j.t.JMeterThread: Thread finished: Load Test - Peak Load (50 Users) 1-23
2026-04-07 23:37:39,490 INFO o.a.j.t.JMeterThread: Stopping: Load Test - Peak Load (50 Users) 1-25
2026-04-07 23:37:39,490 INFO o.a.j.t.JMeterThread: Stopping: Load Test - Peak Load (50 Users) 1-19
2026-04-07 23:37:39,490 INFO o.a.j.t.JMeterThread: Stopping: Load Test - Peak Load (50 Users) 1-37
2026-04-07 23:37:39,490 INFO o.a.j.t.JMeterThread: Thread started: Load Test - Peak Load (50 Users) 1-24
2026-04-07 23:37:39,490 INFO o.a.j.t.JMeterThread: Stopping: Load Test - Peak Load (50 Users) 1-40
2026-04-07 23:37:39,490 INFO o.a.j.t.JMeterThread: Thread finished: Load Test - Peak Load (50 Users) 1-24
2026-04-07 23:37:39,490 INFO o.a.j.t.JMeterThread: Thread started: Load Test - Peak Load (50 Users) 1-25
2026-04-07 23:37:39,490 INFO o.a.j.t.JMeterThread: Thread finished: Load Test - Peak Load (50 Users) 1-25
2026-04-07 23:37:39,490 INFO o.a.j.t.JMeterThread: Thread started: Load Test - Peak Load (50 Users) 1-45
2026-04-07 23:37:39,490 INFO o.a.j.t.JMeterThread: Thread started: Load Test - Peak Load (50 Users) 1-37
2026-04-07 23:37:39,490 INFO o.a.j.t.JMeterThread: Thread started: Load Test - Peak Load (50 Users) 1-19
2026-04-07 23:37:39,490 INFO o.a.j.t.JMeterThread: Thread started: Load Test - Peak Load (50 Users) 1-40
2026-04-07 23:37:39,490 INFO o.a.j.t.JMeterThread: Thread finished: Load Test - Peak Load (50 Users) 1-47
2026-04-07 23:37:39,490 INFO o.a.j.t.JMeterThread: Thread finished: Load Test - Peak Load (50 Users) 1-37
2026-04-07 23:37:39,490 INFO o.a.j.t.JMeterThread: Thread finished: Load Test - Peak Load (50 Users) 1-40
2026-04-07 23:37:39,490 INFO o.a.j.t.JMeterThread: Thread finished: Load Test - Peak Load (50 Users) 1-45
2026-04-07 23:37:39,490 INFO o.a.j.t.JMeterThread: Thread finished: Load Test - Peak Load (50 Users) 1-19
2026-04-07 23:37:39,490 INFO o.a.j.t.JMeterThread: Stopping: Load Test - Peak Load (50 Users) 1-49
2026-04-07 23:37:39,490 INFO o.a.j.t.JMeterThread: Stopping: Load Test - Peak Load (50 Users) 1-31
2026-04-07 23:37:39,490 INFO o.a.j.t.JMeterThread: Thread started: Load Test - Peak Load (50 Users) 1-49
2026-04-07 23:37:39,490 INFO o.a.j.t.JMeterThread: Stopping: Load Test - Peak Load (50 Users) 1-26
2026-04-07 23:37:39,490 INFO o.a.j.t.JMeterThread: Thread finished: Load Test - Peak Load (50 Users) 1-49
2026-04-07 23:37:39,492 INFO o.a.j.t.JMeterThread: Thread started: Load Test - Peak Load (50 Users) 1-31
2026-04-07 23:37:39,490 INFO o.a.j.t.JMeterThread: Stopping: Load Test - Peak Load (50 Users) 1-50
2026-04-07 23:37:39,492 INFO o.a.j.t.JMeterThread: Thread started: Load Test - Peak Load (50 Users) 1-26
2026-04-07 23:37:39,492 INFO o.a.j.t.JMeterThread: Thread finished: Load Test - Peak Load (50 Users) 1-31
2026-04-07 23:37:39,492 INFO o.a.j.t.JMeterThread: Thread finished: Load Test - Peak Load (50 Users) 1-26
2026-04-07 23:37:39,492 INFO o.a.j.t.JMeterThread: Thread started: Load Test - Peak Load (50 Users) 1-50
2026-04-07 23:37:39,492 INFO o.a.j.t.JMeterThread: Thread finished: Load Test - Peak Load (50 Users) 1-50
2026-04-07 23:37:39,492 INFO o.a.j.t.JMeterThread: Stopping: Load Test - Peak Load (50 Users) 1-28
2026-04-07 23:37:39,492 INFO o.a.j.t.JMeterThread: Stopping: Load Test - Peak Load (50 Users) 1-44
2026-04-07 23:37:39,492 INFO o.a.j.t.JMeterThread: Thread started: Load Test - Peak Load (50 Users) 1-44
2026-04-07 23:37:39,492 INFO o.a.j.t.JMeterThread: Thread started: Load Test - Peak Load (50 Users) 1-28
2026-04-07 23:37:39,492 INFO o.a.j.t.JMeterThread: Thread finished: Load Test - Peak Load (50 Users) 1-44
2026-04-07 23:37:39,492 INFO o.a.j.t.JMeterThread: Thread finished: Load Test - Peak Load (50 Users) 1-28
2026-04-07 23:37:39,492 INFO o.a.j.t.JMeterThread: Stopping: Load Test - Peak Load (50 Users) 1-33
2026-04-07 23:37:39,492 INFO o.a.j.t.JMeterThread: Stopping: Load Test - Peak Load (50 Users) 1-27
2026-04-07 23:37:39,492 INFO o.a.j.t.JMeterThread: Stopping: Load Test - Peak Load (50 Users) 1-32
2026-04-07 23:37:39,492 INFO o.a.j.t.JMeterThread: Stopping: Load Test - Peak Load (50 Users) 1-42
2026-04-07 23:37:39,492 INFO o.a.j.t.JMeterThread: Stopping: Load Test - Peak Load (50 Users) 1-43
2026-04-07 23:37:39,492 INFO o.a.j.t.JMeterThread: Stopping: Load Test - Peak Load (50 Users) 1-29
2026-04-07 23:37:39,492 INFO o.a.j.t.JMeterThread: Stopping: Load Test - Peak Load (50 Users) 1-36
2026-04-07 23:37:39,492 INFO o.a.j.t.JMeterThread: Thread started: Load Test - Peak Load (50 Users) 1-27
2026-04-07 23:37:39,492 INFO o.a.j.t.JMeterThread: Stopping: Load Test - Peak Load (50 Users) 1-22
2026-04-07 23:37:39,492 INFO o.a.j.t.JMeterThread: Stopping: Load Test - Peak Load (50 Users) 1-41
2026-04-07 23:37:39,492 INFO o.a.j.t.JMeterThread: Stopping: Load Test - Peak Load (50 Users) 1-38
2026-04-07 23:37:39,492 INFO o.a.j.t.JMeterThread: Stopping: Load Test - Peak Load (50 Users) 1-20
2026-04-07 23:37:39,492 INFO o.a.j.t.JMeterThread: Stopping: Load Test - Peak Load (50 Users) 1-46
2026-04-07 23:37:39,493 INFO o.a.j.t.JMeterThread: Stopping: Load Test - Peak Load (50 Users) 1-35
2026-04-07 23:37:39,493 INFO o.a.j.t.JMeterThread: Stopping: Load Test - Peak Load (50 Users) 1-34
2026-04-07 23:37:39,492 INFO o.a.j.t.JMeterThread: Thread started: Load Test - Peak Load (50 Users) 1-33
2026-04-07 23:37:39,493 INFO o.a.j.t.JMeterThread: Thread started: Load Test - Peak Load (50 Users) 1-36
2026-04-07 23:37:39,493 INFO o.a.j.t.JMeterThread: Thread started: Load Test - Peak Load (50 Users) 1-41
2026-04-07 23:37:39,493 INFO o.a.j.t.JMeterThread: Thread started: Load Test - Peak Load (50 Users) 1-20
2026-04-07 23:37:39,493 INFO o.a.j.t.JMeterThread: Thread finished: Load Test - Peak Load (50 Users) 1-36
2026-04-07 23:37:39,492 INFO o.a.j.t.JMeterThread: Thread finished: Load Test - Peak Load (50 Users) 1-27
2026-04-07 23:37:39,493 INFO o.a.j.t.JMeterThread: Thread started: Load Test - Peak Load (50 Users) 1-22
2026-04-07 23:37:39,493 INFO o.a.j.t.JMeterThread: Thread started: Load Test - Peak Load (50 Users) 1-35
2026-04-07 23:37:39,493 INFO o.a.j.t.JMeterThread: Thread finished: Load Test - Peak Load (50 Users) 1-20
2026-04-07 23:37:39,493 INFO o.a.j.t.JMeterThread: Thread started: Load Test - Peak Load (50 Users) 1-34
2026-04-07 23:37:39,493 INFO o.a.j.t.JMeterThread: Thread started: Load Test - Peak Load (50 Users) 1-46
2026-04-07 23:37:39,493 INFO o.a.j.t.JMeterThread: Thread finished: Load Test - Peak Load (50 Users) 1-41
2026-04-07 23:37:39,493 INFO o.a.j.t.JMeterThread: Thread finished: Load Test - Peak Load (50 Users) 1-46
2026-04-07 23:37:39,493 INFO o.a.j.t.JMeterThread: Thread finished: Load Test - Peak Load (50 Users) 1-22
2026-04-07 23:37:39,493 INFO o.a.j.t.JMeterThread: Thread finished: Load Test - Peak Load (50 Users) 1-33
2026-04-07 23:37:39,493 INFO o.a.j.t.JMeterThread: Thread started: Load Test - Peak Load (50 Users) 1-43
2026-04-07 23:37:39,493 INFO o.a.j.t.JMeterThread: Thread started: Load Test - Peak Load (50 Users) 1-29
2026-04-07 23:37:39,492 INFO o.a.j.t.JMeterThread: Thread started: Load Test - Peak Load (50 Users) 1-42
2026-04-07 23:37:39,493 INFO o.a.j.t.JMeterThread: Thread finished: Load Test - Peak Load (50 Users) 1-43
2026-04-07 23:37:39,493 INFO o.a.j.t.JMeterThread: Thread started: Load Test - Peak Load (50 Users) 1-32
2026-04-07 23:37:39,493 INFO o.a.j.t.JMeterThread: Stopping: Load Test - Peak Load (50 Users) 1-21
2026-04-07 23:37:39,493 INFO o.a.j.t.JMeterThread: Thread finished: Load Test - Peak Load (50 Users) 1-29
2026-04-07 23:37:39,493 INFO o.a.j.t.JMeterThread: Thread finished: Load Test - Peak Load (50 Users) 1-34
2026-04-07 23:37:39,493 INFO o.a.j.t.JMeterThread: Thread started: Load Test - Peak Load (50 Users) 1-21
2026-04-07 23:37:39,493 INFO o.a.j.t.JMeterThread: Thread finished: Load Test - Peak Load (50 Users) 1-35
2026-04-07 23:37:39,493 INFO o.a.j.t.JMeterThread: Thread finished: Load Test - Peak Load (50 Users) 1-42
2026-04-07 23:37:39,493 INFO o.a.j.t.JMeterThread: Thread finished: Load Test - Peak Load (50 Users) 1-21
2026-04-07 23:37:39,493 INFO o.a.j.t.JMeterThread: Thread started: Load Test - Peak Load (50 Users) 1-38
2026-04-07 23:37:39,493 INFO o.a.j.t.JMeterThread: Thread finished: Load Test - Peak Load (50 Users) 1-32
2026-04-07 23:37:39,493 INFO o.a.j.t.JMeterThread: Thread finished: Load Test - Peak Load (50 Users) 1-38
2026-04-07 23:37:39,493 INFO o.a.j.t.JMeterThread: Stopping: Load Test - Peak Load (50 Users) 1-18
2026-04-07 23:37:39,493 INFO o.a.j.t.JMeterThread: Stopping: Demo Endurance Test - 5 Min (Assignment Screenshots) 2-7
2026-04-07 23:37:39,493 INFO o.a.j.t.JMeterThread: Stopping: Demo Endurance Test - 5 Min (Assignment Screenshots) 2-4
2026-04-07 23:37:39,493 INFO o.a.j.t.JMeterThread: Stopping: Demo Endurance Test - 5 Min (Assignment Screenshots) 2-1
2026-04-07 23:37:39,493 INFO o.a.j.t.JMeterThread: Thread started: Load Test - Peak Load (50 Users) 1-18
2026-04-07 23:37:39,494 WARN o.a.j.t.JMeterThread: The delay timer was interrupted - probably did not wait as long as intended.
2026-04-07 23:37:39,494 WARN o.a.j.t.JMeterThread: The delay timer was interrupted - probably did not wait as long as intended.
2026-04-07 23:37:39,493 WARN o.a.j.t.JMeterThread: The delay timer was interrupted - probably did not wait as long as intended.
2026-04-07 23:37:39,494 INFO o.a.j.t.JMeterThread: Thread finished: Demo Endurance Test - 5 Min (Assignment Screenshots) 2-1
2026-04-07 23:37:39,494 INFO o.a.j.t.JMeterThread: Thread finished: Demo Endurance Test - 5 Min (Assignment Screenshots) 2-7
2026-04-07 23:37:39,494 INFO o.a.j.t.JMeterThread: Thread finished: Demo Endurance Test - 5 Min (Assignment Screenshots) 2-4
2026-04-07 23:37:39,493 INFO o.a.j.t.JMeterThread: Stopping: Demo Endurance Test - 5 Min (Assignment Screenshots) 2-10
2026-04-07 23:37:39,494 INFO o.a.j.t.JMeterThread: Stopping: Demo Endurance Test - 5 Min (Assignment Screenshots) 2-9
2026-04-07 23:37:39,494 INFO o.a.j.t.JMeterThread: Stopping: Demo Endurance Test - 5 Min (Assignment Screenshots) 2-8
2026-04-07 23:37:39,494 INFO o.a.j.t.JMeterThread: Stopping: Demo Endurance Test - 5 Min (Assignment Screenshots) 2-5
2026-04-07 23:37:39,494 INFO o.a.j.t.JMeterThread: Thread started: Demo Endurance Test - 5 Min (Assignment Screenshots) 2-10
2026-04-07 23:37:39,494 INFO o.a.j.t.JMeterThread: Thread started: Demo Endurance Test - 5 Min (Assignment Screenshots) 2-9
2026-04-07 23:37:39,494 INFO o.a.j.t.JMeterThread: Thread finished: Load Test - Peak Load (50 Users) 1-18
2026-04-07 23:37:39,494 INFO o.a.j.t.JMeterThread: Stopping: Demo Endurance Test - 5 Min (Assignment Screenshots) 2-3
2026-04-07 23:37:39,494 WARN o.a.j.t.JMeterThread: The delay timer was interrupted - probably did not wait as long as intended.
2026-04-07 23:37:39,494 INFO o.a.j.t.JMeterThread: Stopping: Demo Endurance Test - 5 Min (Assignment Screenshots) 2-6
2026-04-07 23:37:39,494 INFO o.a.j.t.JMeterThread: Thread finished: Demo Endurance Test - 5 Min (Assignment Screenshots) 2-9
2026-04-07 23:37:39,494 INFO o.a.j.t.JMeterThread: Thread finished: Demo Endurance Test - 5 Min (Assignment Screenshots) 2-5
2026-04-07 23:37:39,494 INFO o.a.j.t.JMeterThread: Thread finished: Demo Endurance Test - 5 Min (Assignment Screenshots) 2-10
2026-04-07 23:37:39,494 WARN o.a.j.t.JMeterThread: The delay timer was interrupted - probably did not wait as long as intended.
2026-04-07 23:37:39,494 INFO o.a.j.t.JMeterThread: Stopping: Demo Endurance Test - 5 Min (Assignment Screenshots) 2-2
2026-04-07 23:37:39,494 INFO o.a.j.t.JMeterThread: Thread finished: Demo Endurance Test - 5 Min (Assignment Screenshots) 2-3
2026-04-07 23:37:39,494 INFO o.a.j.t.JMeterThread: Thread started: Demo Endurance Test - 5 Min (Assignment Screenshots) 2-8
2026-04-07 23:37:39,494 WARN o.a.j.t.JMeterThread: The delay timer was interrupted - probably did not wait as long as intended.
2026-04-07 23:37:39,494 WARN o.a.j.t.JMeterThread: The delay timer was interrupted - probably did not wait as long as intended.
2026-04-07 23:37:39,494 INFO o.a.j.t.JMeterThread: Thread finished: Demo Endurance Test - 5 Min (Assignment Screenshots) 2-8
2026-04-07 23:37:39,494 INFO o.a.j.t.JMeterThread: Thread finished: Demo Endurance Test - 5 Min (Assignment Screenshots) 2-6
2026-04-07 23:37:39,494 INFO o.a.j.t.JMeterThread: Thread finished: Demo Endurance Test - 5 Min (Assignment Screenshots) 2-2
2026-04-07 23:37:39,494 INFO o.a.j.e.StandardJMeterEngine: Notifying test listeners of end of test
2026-04-07 23:37:39,494 INFO o.a.j.r.Summariser: Summary Report - Demo Endurance +     22 in 00:00:09 =    2.5/s Avg:    57 Min:    51 Max:    72 Err:    22 (100.00%) Active: 0 Started: 60 Finished: 60
2026-04-07 23:37:39,494 INFO o.a.j.r.Summariser: Summary Report - Demo Endurance =     33 in 00:00:20 =    1.6/s Avg:    58 Min:    51 Max:    77 Err:    33 (100.00%)
2026-04-07 23:37:39,494 INFO o.a.j.r.Summariser: Summary Report - Load +     39 in 00:00:09 =    4.3/s Avg:    62 Min:    49 Max:    97 Err:    39 (100.00%) Active: 0 Started: 60 Finished: 60
2026-04-07 23:37:39,494 INFO o.a.j.r.Summariser: Summary Report - Load =     85 in 00:00:20 =    4.2/s Avg:    61 Min:    49 Max:    98 Err:    85 (100.00%)
2026-04-07 23:37:39,494 INFO o.a.j.g.u.JMeterMenuBar: setRunning(false, *local*)
2026-04-07 23:39:57,266 INFO o.a.j.e.StandardJMeterEngine: Running the test!
2026-04-07 23:39:57,266 INFO o.a.j.s.SampleEvent: List of sample_variables: []
2026-04-07 23:39:57,266 INFO o.a.j.g.u.JMeterMenuBar: setRunning(true, *local*)
2026-04-07 23:39:57,319 INFO o.a.j.e.StandardJMeterEngine: Starting ThreadGroup: 1 : Load Test - Peak Load (50 Users)
2026-04-07 23:39:57,319 INFO o.a.j.e.StandardJMeterEngine: Starting 50 threads for group Load Test - Peak Load (50 Users).
2026-04-07 23:39:57,319 INFO o.a.j.e.StandardJMeterEngine: Thread will continue on error
2026-04-07 23:39:57,319 INFO o.a.j.t.ThreadGroup: Starting thread group... number=1 threads=50 ramp-up=60 delayedStart=false
2026-04-07 23:39:57,319 INFO o.a.j.t.JMeterThread: Thread started: Load Test - Peak Load (50 Users) 1-1
2026-04-07 23:39:57,319 INFO o.a.j.t.ThreadGroup: Started thread group number 1
2026-04-07 23:39:57,319 INFO o.a.j.e.StandardJMeterEngine: Starting ThreadGroup: 2 : Demo Endurance Test - 5 Min (Assignment Screenshots)
2026-04-07 23:39:57,319 INFO o.a.j.e.StandardJMeterEngine: Starting 10 threads for group Demo Endurance Test - 5 Min (Assignment Screenshots).
2026-04-07 23:39:57,319 INFO o.a.j.e.StandardJMeterEngine: Thread will continue on error
2026-04-07 23:39:57,319 INFO o.a.j.t.ThreadGroup: Starting thread group... number=2 threads=10 ramp-up=30 delayedStart=false
2026-04-07 23:39:57,319 INFO o.a.j.t.ThreadGroup: Started thread group number 2
2026-04-07 23:39:57,319 INFO o.a.j.e.StandardJMeterEngine: All thread groups have been started
2026-04-07 23:39:57,319 INFO o.a.j.t.JMeterThread: Thread started: Demo Endurance Test - 5 Min (Assignment Screenshots) 2-1
2026-04-07 23:39:57,622 INFO o.a.j.t.JMeterThread: Thread is done: Load Test - Peak Load (50 Users) 1-1
2026-04-07 23:39:57,622 INFO o.a.j.t.JMeterThread: Thread finished: Load Test - Peak Load (50 Users) 1-1
2026-04-07 23:39:58,519 INFO o.a.j.t.JMeterThread: Thread started: Load Test - Peak Load (50 Users) 1-2
2026-04-07 23:39:58,774 INFO o.a.j.t.JMeterThread: Thread is done: Load Test - Peak Load (50 Users) 1-2
2026-04-07 23:39:58,774 INFO o.a.j.t.JMeterThread: Thread finished: Load Test - Peak Load (50 Users) 1-2
2026-04-07 23:39:59,731 INFO o.a.j.t.JMeterThread: Thread started: Load Test - Peak Load (50 Users) 1-3
2026-04-07 23:39:59,980 INFO o.a.j.t.JMeterThread: Thread is done: Load Test - Peak Load (50 Users) 1-3
2026-04-07 23:39:59,980 INFO o.a.j.t.JMeterThread: Thread finished: Load Test - Peak Load (50 Users) 1-3
2026-04-07 23:40:00,320 INFO o.a.j.t.JMeterThread: Thread started: Demo Endurance Test - 5 Min (Assignment Screenshots) 2-2
2026-04-07 23:40:00,921 INFO o.a.j.t.JMeterThread: Thread started: Load Test - Peak Load (50 Users) 1-4
2026-04-07 23:40:01,016 INFO o.a.j.r.Summariser: Summary Report - Load +     16 in 00:00:04 =    4.3/s Avg:    56 Min:    36 Max:   120 Err:     0 (0.00%) Active: 3 Started: 6 Finished: 3
2026-04-07 23:40:01,176 INFO o.a.j.t.JMeterThread: Thread is done: Load Test - Peak Load (50 Users) 1-4
2026-04-07 23:40:01,176 INFO o.a.j.t.JMeterThread: Thread finished: Load Test - Peak Load (50 Users) 1-4
2026-04-07 23:40:01,467 INFO o.a.j.r.Summariser: Summary Report - Demo Endurance +      2 in 00:00:04 =    0.5/s Avg:    66 Min:    50 Max:    82 Err:     0 (0.00%) Active: 2 Started: 6 Finished: 4
2026-04-07 23:40:02,121 INFO o.a.j.t.JMeterThread: Thread started: Load Test - Peak Load (50 Users) 1-5
2026-04-07 23:40:02,378 INFO o.a.j.t.JMeterThread: Thread is done: Load Test - Peak Load (50 Users) 1-5
2026-04-07 23:40:02,378 INFO o.a.j.t.JMeterThread: Thread finished: Load Test - Peak Load (50 Users) 1-5
2026-04-07 23:40:03,319 INFO o.a.j.t.JMeterThread: Thread started: Demo Endurance Test - 5 Min (Assignment Screenshots) 2-3
2026-04-07 23:40:03,320 INFO o.a.j.t.JMeterThread: Thread started: Load Test - Peak Load (50 Users) 1-6
2026-04-07 23:40:03,559 INFO o.a.j.t.JMeterThread: Thread is done: Load Test - Peak Load (50 Users) 1-6
2026-04-07 23:40:03,559 INFO o.a.j.t.JMeterThread: Thread finished: Load Test - Peak Load (50 Users) 1-6
2026-04-07 23:40:04,519 INFO o.a.j.t.JMeterThread: Thread started: Load Test - Peak Load (50 Users) 1-7
2026-04-07 23:40:04,759 INFO o.a.j.t.JMeterThread: Thread is done: Load Test - Peak Load (50 Users) 1-7
2026-04-07 23:40:04,759 INFO o.a.j.t.JMeterThread: Thread finished: Load Test - Peak Load (50 Users) 1-7
2026-04-07 23:40:05,720 INFO o.a.j.t.JMeterThread: Thread started: Load Test - Peak Load (50 Users) 1-8
2026-04-07 23:40:05,989 INFO o.a.j.t.JMeterThread: Thread is done: Load Test - Peak Load (50 Users) 1-8
2026-04-07 23:40:05,989 INFO o.a.j.t.JMeterThread: Thread finished: Load Test - Peak Load (50 Users) 1-8
2026-04-07 23:40:06,320 INFO o.a.j.t.JMeterThread: Thread started: Demo Endurance Test - 5 Min (Assignment Screenshots) 2-4
2026-04-07 23:40:06,923 INFO o.a.j.t.JMeterThread: Thread started: Load Test - Peak Load (50 Users) 1-9
2026-04-07 23:40:07,180 INFO o.a.j.t.JMeterThread: Thread is done: Load Test - Peak Load (50 Users) 1-9
2026-04-07 23:40:07,180 INFO o.a.j.t.JMeterThread: Thread finished: Load Test - Peak Load (50 Users) 1-9
2026-04-07 23:40:08,119 INFO o.a.j.t.JMeterThread: Thread started: Load Test - Peak Load (50 Users) 1-10
2026-04-07 23:40:08,357 INFO o.a.j.t.JMeterThread: Thread is done: Load Test - Peak Load (50 Users) 1-10
2026-04-07 23:40:08,357 INFO o.a.j.t.JMeterThread: Thread finished: Load Test - Peak Load (50 Users) 1-10
2026-04-07 23:40:09,320 INFO o.a.j.t.JMeterThread: Thread started: Load Test - Peak Load (50 Users) 1-11
2026-04-07 23:40:09,320 INFO o.a.j.t.JMeterThread: Thread started: Demo Endurance Test - 5 Min (Assignment Screenshots) 2-5
2026-04-07 23:40:09,574 INFO o.a.j.t.JMeterThread: Thread is done: Load Test - Peak Load (50 Users) 1-11
2026-04-07 23:40:09,574 INFO o.a.j.t.JMeterThread: Thread finished: Load Test - Peak Load (50 Users) 1-11
2026-04-07 23:40:10,520 INFO o.a.j.t.JMeterThread: Thread started: Load Test - Peak Load (50 Users) 1-12
2026-04-07 23:40:10,758 INFO o.a.j.t.JMeterThread: Thread is done: Load Test - Peak Load (50 Users) 1-12
2026-04-07 23:40:10,758 INFO o.a.j.t.JMeterThread: Thread finished: Load Test - Peak Load (50 Users) 1-12
2026-04-07 23:40:11,720 INFO o.a.j.t.JMeterThread: Thread started: Load Test - Peak Load (50 Users) 1-13
2026-04-07 23:40:11,974 INFO o.a.j.t.JMeterThread: Thread is done: Load Test - Peak Load (50 Users) 1-13
2026-04-07 23:40:11,974 INFO o.a.j.t.JMeterThread: Thread finished: Load Test - Peak Load (50 Users) 1-13
2026-04-07 23:40:12,319 INFO o.a.j.t.JMeterThread: Thread started: Demo Endurance Test - 5 Min (Assignment Screenshots) 2-6
2026-04-07 23:40:12,920 INFO o.a.j.t.JMeterThread: Thread started: Load Test - Peak Load (50 Users) 1-14
2026-04-07 23:40:13,178 INFO o.a.j.t.JMeterThread: Thread is done: Load Test - Peak Load (50 Users) 1-14
2026-04-07 23:40:13,178 INFO o.a.j.t.JMeterThread: Thread finished: Load Test - Peak Load (50 Users) 1-14
2026-04-07 23:40:14,119 INFO o.a.j.t.JMeterThread: Thread started: Load Test - Peak Load (50 Users) 1-15
2026-04-07 23:40:14,353 INFO o.a.j.t.JMeterThread: Thread is done: Load Test - Peak Load (50 Users) 1-15
2026-04-07 23:40:14,353 INFO o.a.j.t.JMeterThread: Thread finished: Load Test - Peak Load (50 Users) 1-15
2026-04-07 23:40:15,321 INFO o.a.j.t.JMeterThread: Thread started: Demo Endurance Test - 5 Min (Assignment Screenshots) 2-7
2026-04-07 23:40:15,321 INFO o.a.j.t.JMeterThread: Thread started: Load Test - Peak Load (50 Users) 1-16
2026-04-07 23:40:15,575 INFO o.a.j.t.JMeterThread: Thread is done: Load Test - Peak Load (50 Users) 1-16
2026-04-07 23:40:15,575 INFO o.a.j.t.JMeterThread: Thread finished: Load Test - Peak Load (50 Users) 1-16
2026-04-07 23:40:16,526 INFO o.a.j.t.JMeterThread: Thread started: Load Test - Peak Load (50 Users) 1-17
2026-04-07 23:40:16,745 INFO o.a.j.t.JMeterThread: Thread is done: Load Test - Peak Load (50 Users) 1-17
2026-04-07 23:40:16,745 INFO o.a.j.t.JMeterThread: Thread finished: Load Test - Peak Load (50 Users) 1-17
2026-04-07 23:40:17,719 INFO o.a.j.t.JMeterThread: Thread started: Load Test - Peak Load (50 Users) 1-18
2026-04-07 23:40:17,985 INFO o.a.j.t.JMeterThread: Thread is done: Load Test - Peak Load (50 Users) 1-18
2026-04-07 23:40:17,985 INFO o.a.j.t.JMeterThread: Thread finished: Load Test - Peak Load (50 Users) 1-18
2026-04-07 23:40:18,321 INFO o.a.j.t.JMeterThread: Thread started: Demo Endurance Test - 5 Min (Assignment Screenshots) 2-8
2026-04-07 23:40:18,920 INFO o.a.j.t.JMeterThread: Thread started: Load Test - Peak Load (50 Users) 1-19
2026-04-07 23:40:19,140 INFO o.a.j.t.JMeterThread: Thread is done: Load Test - Peak Load (50 Users) 1-19
2026-04-07 23:40:19,140 INFO o.a.j.t.JMeterThread: Thread finished: Load Test - Peak Load (50 Users) 1-19
2026-04-07 23:40:20,121 INFO o.a.j.t.JMeterThread: Thread started: Load Test - Peak Load (50 Users) 1-20
2026-04-07 23:40:20,571 INFO o.a.j.t.JMeterThread: Thread is done: Load Test - Peak Load (50 Users) 1-20
2026-04-07 23:40:20,571 INFO o.a.j.t.JMeterThread: Thread finished: Load Test - Peak Load (50 Users) 1-20
2026-04-07 23:40:21,319 INFO o.a.j.t.JMeterThread: Thread started: Load Test - Peak Load (50 Users) 1-21
2026-04-07 23:40:21,320 INFO o.a.j.t.JMeterThread: Thread started: Demo Endurance Test - 5 Min (Assignment Screenshots) 2-9
2026-04-07 23:40:21,576 INFO o.a.j.t.JMeterThread: Thread is done: Load Test - Peak Load (50 Users) 1-21
2026-04-07 23:40:21,576 INFO o.a.j.t.JMeterThread: Thread finished: Load Test - Peak Load (50 Users) 1-21
2026-04-07 23:40:22,520 INFO o.a.j.t.JMeterThread: Thread started: Load Test - Peak Load (50 Users) 1-22
2026-04-07 23:40:22,782 INFO o.a.j.t.JMeterThread: Thread is done: Load Test - Peak Load (50 Users) 1-22
2026-04-07 23:40:22,782 INFO o.a.j.t.JMeterThread: Thread finished: Load Test - Peak Load (50 Users) 1-22
2026-04-07 23:40:23,720 INFO o.a.j.t.JMeterThread: Thread started: Load Test - Peak Load (50 Users) 1-23
2026-04-07 23:40:23,947 INFO o.a.j.t.JMeterThread: Thread is done: Load Test - Peak Load (50 Users) 1-23
2026-04-07 23:40:23,947 INFO o.a.j.t.JMeterThread: Thread finished: Load Test - Peak Load (50 Users) 1-23
2026-04-07 23:40:24,319 INFO o.a.j.t.JMeterThread: Thread started: Demo Endurance Test - 5 Min (Assignment Screenshots) 2-10
2026-04-07 23:40:24,920 INFO o.a.j.t.JMeterThread: Thread started: Load Test - Peak Load (50 Users) 1-24
2026-04-07 23:40:25,143 INFO o.a.j.t.JMeterThread: Thread is done: Load Test - Peak Load (50 Users) 1-24
2026-04-07 23:40:25,143 INFO o.a.j.t.JMeterThread: Thread finished: Load Test - Peak Load (50 Users) 1-24
2026-04-07 23:40:26,121 INFO o.a.j.t.JMeterThread: Thread started: Load Test - Peak Load (50 Users) 1-25
2026-04-07 23:40:26,364 INFO o.a.j.t.JMeterThread: Thread is done: Load Test - Peak Load (50 Users) 1-25
2026-04-07 23:40:26,364 INFO o.a.j.t.JMeterThread: Thread finished: Load Test - Peak Load (50 Users) 1-25
2026-04-07 23:40:27,320 INFO o.a.j.t.JMeterThread: Thread started: Load Test - Peak Load (50 Users) 1-26
2026-04-07 23:40:27,542 INFO o.a.j.t.JMeterThread: Thread is done: Load Test - Peak Load (50 Users) 1-26
2026-04-07 23:40:27,542 INFO o.a.j.t.JMeterThread: Thread finished: Load Test - Peak Load (50 Users) 1-26
2026-04-07 23:40:28,519 INFO o.a.j.t.JMeterThread: Thread started: Load Test - Peak Load (50 Users) 1-27
2026-04-07 23:40:28,774 INFO o.a.j.t.JMeterThread: Thread is done: Load Test - Peak Load (50 Users) 1-27
2026-04-07 23:40:28,774 INFO o.a.j.t.JMeterThread: Thread finished: Load Test - Peak Load (50 Users) 1-27
2026-04-07 23:40:29,721 INFO o.a.j.t.JMeterThread: Thread started: Load Test - Peak Load (50 Users) 1-28
2026-04-07 23:40:29,939 INFO o.a.j.t.JMeterThread: Thread is done: Load Test - Peak Load (50 Users) 1-28
2026-04-07 23:40:29,939 INFO o.a.j.t.JMeterThread: Thread finished: Load Test - Peak Load (50 Users) 1-28
2026-04-07 23:40:30,495 INFO o.a.j.r.Summariser: Summary Report - Demo Endurance +     88 in 00:00:29 =    3.0/s Avg:    59 Min:    29 Max:   388 Err:     0 (0.00%) Active: 10 Started: 38 Finished: 28
2026-04-07 23:40:30,495 INFO o.a.j.r.Summariser: Summary Report - Demo Endurance =     90 in 00:00:33 =    2.7/s Avg:    59 Min:    29 Max:   388 Err:     0 (0.00%)
2026-04-07 23:40:30,920 INFO o.a.j.t.JMeterThread: Thread started: Load Test - Peak Load (50 Users) 1-29
2026-04-07 23:40:30,990 INFO o.a.j.r.Summariser: Summary Report - Load +    125 in 00:00:30 =    4.2/s Avg:    50 Min:    32 Max:   237 Err:     0 (0.00%) Active: 11 Started: 39 Finished: 28
2026-04-07 23:40:30,990 INFO o.a.j.r.Summariser: Summary Report - Load =    141 in 00:00:34 =    4.2/s Avg:    50 Min:    32 Max:   237 Err:     0 (0.00%)
2026-04-07 23:40:31,165 INFO o.a.j.t.JMeterThread: Thread is done: Load Test - Peak Load (50 Users) 1-29
2026-04-07 23:40:31,165 INFO o.a.j.t.JMeterThread: Thread finished: Load Test - Peak Load (50 Users) 1-29
2026-04-07 23:40:32,119 INFO o.a.j.t.JMeterThread: Thread started: Load Test - Peak Load (50 Users) 1-30
2026-04-07 23:40:32,350 INFO o.a.j.t.JMeterThread: Thread is done: Load Test - Peak Load (50 Users) 1-30
2026-04-07 23:40:32,350 INFO o.a.j.t.JMeterThread: Thread finished: Load Test - Peak Load (50 Users) 1-30
2026-04-07 23:40:33,321 INFO o.a.j.t.JMeterThread: Thread started: Load Test - Peak Load (50 Users) 1-31
2026-04-07 23:40:33,545 INFO o.a.j.t.JMeterThread: Thread is done: Load Test - Peak Load (50 Users) 1-31
2026-04-07 23:40:33,545 INFO o.a.j.t.JMeterThread: Thread finished: Load Test - Peak Load (50 Users) 1-31
2026-04-07 23:40:34,519 INFO o.a.j.t.JMeterThread: Thread started: Load Test - Peak Load (50 Users) 1-32
2026-04-07 23:40:34,743 INFO o.a.j.t.JMeterThread: Thread is done: Load Test - Peak Load (50 Users) 1-32
2026-04-07 23:40:34,743 INFO o.a.j.t.JMeterThread: Thread finished: Load Test - Peak Load (50 Users) 1-32
2026-04-07 23:40:35,721 INFO o.a.j.t.JMeterThread: Thread started: Load Test - Peak Load (50 Users) 1-33
2026-04-07 23:40:35,957 INFO o.a.j.t.JMeterThread: Thread is done: Load Test - Peak Load (50 Users) 1-33
2026-04-07 23:40:35,957 INFO o.a.j.t.JMeterThread: Thread finished: Load Test - Peak Load (50 Users) 1-33
2026-04-07 23:40:36,920 INFO o.a.j.t.JMeterThread: Thread started: Load Test - Peak Load (50 Users) 1-34
2026-04-07 23:40:37,154 INFO o.a.j.t.JMeterThread: Thread is done: Load Test - Peak Load (50 Users) 1-34
2026-04-07 23:40:37,154 INFO o.a.j.t.JMeterThread: Thread finished: Load Test - Peak Load (50 Users) 1-34
2026-04-07 23:40:38,119 INFO o.a.j.t.JMeterThread: Thread started: Load Test - Peak Load (50 Users) 1-35
2026-04-07 23:40:38,369 INFO o.a.j.t.JMeterThread: Thread is done: Load Test - Peak Load (50 Users) 1-35
2026-04-07 23:40:38,369 INFO o.a.j.t.JMeterThread: Thread finished: Load Test - Peak Load (50 Users) 1-35
2026-04-07 23:40:39,320 INFO o.a.j.t.JMeterThread: Thread started: Load Test - Peak Load (50 Users) 1-36
2026-04-07 23:40:39,570 INFO o.a.j.t.JMeterThread: Thread is done: Load Test - Peak Load (50 Users) 1-36
2026-04-07 23:40:39,570 INFO o.a.j.t.JMeterThread: Thread finished: Load Test - Peak Load (50 Users) 1-36
2026-04-07 23:40:40,520 INFO o.a.j.t.JMeterThread: Thread started: Load Test - Peak Load (50 Users) 1-37
2026-04-07 23:40:40,766 INFO o.a.j.t.JMeterThread: Thread is done: Load Test - Peak Load (50 Users) 1-37
2026-04-07 23:40:40,766 INFO o.a.j.t.JMeterThread: Thread finished: Load Test - Peak Load (50 Users) 1-37
2026-04-07 23:40:41,719 INFO o.a.j.t.JMeterThread: Thread started: Load Test - Peak Load (50 Users) 1-38
2026-04-07 23:40:41,983 INFO o.a.j.t.JMeterThread: Thread is done: Load Test - Peak Load (50 Users) 1-38
2026-04-07 23:40:41,983 INFO o.a.j.t.JMeterThread: Thread finished: Load Test - Peak Load (50 Users) 1-38
2026-04-07 23:40:42,919 INFO o.a.j.t.JMeterThread: Thread started: Load Test - Peak Load (50 Users) 1-39
2026-04-07 23:40:43,155 INFO o.a.j.t.JMeterThread: Thread is done: Load Test - Peak Load (50 Users) 1-39
2026-04-07 23:40:43,155 INFO o.a.j.t.JMeterThread: Thread finished: Load Test - Peak Load (50 Users) 1-39
2026-04-07 23:40:44,120 INFO o.a.j.t.JMeterThread: Thread started: Load Test - Peak Load (50 Users) 1-40
2026-04-07 23:40:44,343 INFO o.a.j.t.JMeterThread: Thread is done: Load Test - Peak Load (50 Users) 1-40
2026-04-07 23:40:44,343 INFO o.a.j.t.JMeterThread: Thread finished: Load Test - Peak Load (50 Users) 1-40
2026-04-07 23:40:45,321 INFO o.a.j.t.JMeterThread: Thread started: Load Test - Peak Load (50 Users) 1-41
2026-04-07 23:40:45,575 INFO o.a.j.t.JMeterThread: Thread is done: Load Test - Peak Load (50 Users) 1-41
2026-04-07 23:40:45,575 INFO o.a.j.t.JMeterThread: Thread finished: Load Test - Peak Load (50 Users) 1-41
2026-04-07 23:40:46,521 INFO o.a.j.t.JMeterThread: Thread started: Load Test - Peak Load (50 Users) 1-42
2026-04-07 23:40:46,746 INFO o.a.j.t.JMeterThread: Thread is done: Load Test - Peak Load (50 Users) 1-42
2026-04-07 23:40:46,746 INFO o.a.j.t.JMeterThread: Thread finished: Load Test - Peak Load (50 Users) 1-42
2026-04-07 23:40:47,719 INFO o.a.j.t.JMeterThread: Thread started: Load Test - Peak Load (50 Users) 1-43
2026-04-07 23:40:47,926 INFO o.a.j.t.JMeterThread: Thread is done: Load Test - Peak Load (50 Users) 1-43
2026-04-07 23:40:47,926 INFO o.a.j.t.JMeterThread: Thread finished: Load Test - Peak Load (50 Users) 1-43
2026-04-07 23:40:48,925 INFO o.a.j.t.JMeterThread: Thread started: Load Test - Peak Load (50 Users) 1-44
2026-04-07 23:40:49,178 INFO o.a.j.t.JMeterThread: Thread is done: Load Test - Peak Load (50 Users) 1-44
2026-04-07 23:40:49,178 INFO o.a.j.t.JMeterThread: Thread finished: Load Test - Peak Load (50 Users) 1-44
2026-04-07 23:40:50,120 INFO o.a.j.t.JMeterThread: Thread started: Load Test - Peak Load (50 Users) 1-45
2026-04-07 23:40:50,359 INFO o.a.j.t.JMeterThread: Thread is done: Load Test - Peak Load (50 Users) 1-45
2026-04-07 23:40:50,359 INFO o.a.j.t.JMeterThread: Thread finished: Load Test - Peak Load (50 Users) 1-45
2026-04-07 23:40:51,320 INFO o.a.j.t.JMeterThread: Thread started: Load Test - Peak Load (50 Users) 1-46
2026-04-07 23:40:51,558 INFO o.a.j.t.JMeterThread: Thread is done: Load Test - Peak Load (50 Users) 1-46
2026-04-07 23:40:51,558 INFO o.a.j.t.JMeterThread: Thread finished: Load Test - Peak Load (50 Users) 1-46
2026-04-07 23:40:52,520 INFO o.a.j.t.JMeterThread: Thread started: Load Test - Peak Load (50 Users) 1-47
2026-04-07 23:40:52,751 INFO o.a.j.t.JMeterThread: Thread is done: Load Test - Peak Load (50 Users) 1-47
2026-04-07 23:40:52,751 INFO o.a.j.t.JMeterThread: Thread finished: Load Test - Peak Load (50 Users) 1-47
2026-04-07 23:40:53,720 INFO o.a.j.t.JMeterThread: Thread started: Load Test - Peak Load (50 Users) 1-48
2026-04-07 23:40:53,972 INFO o.a.j.t.JMeterThread: Thread is done: Load Test - Peak Load (50 Users) 1-48
2026-04-07 23:40:53,972 INFO o.a.j.t.JMeterThread: Thread finished: Load Test - Peak Load (50 Users) 1-48
2026-04-07 23:40:54,934 INFO o.a.j.t.JMeterThread: Thread started: Load Test - Peak Load (50 Users) 1-49
2026-04-07 23:40:55,178 INFO o.a.j.t.JMeterThread: Thread is done: Load Test - Peak Load (50 Users) 1-49
2026-04-07 23:40:55,178 INFO o.a.j.t.JMeterThread: Thread finished: Load Test - Peak Load (50 Users) 1-49
2026-04-07 23:40:56,131 INFO o.a.j.t.JMeterThread: Thread started: Load Test - Peak Load (50 Users) 1-50
2026-04-07 23:40:56,368 INFO o.a.j.t.JMeterThread: Thread is done: Load Test - Peak Load (50 Users) 1-50
2026-04-07 23:40:56,368 INFO o.a.j.t.JMeterThread: Thread finished: Load Test - Peak Load (50 Users) 1-50
2026-04-07 23:41:00,168 INFO o.a.j.r.Summariser: Summary Report - Demo Endurance +    145 in 00:00:30 =    4.9/s Avg:    38 Min:    29 Max:   405 Err:     0 (0.00%) Active: 10 Started: 60 Finished: 50
2026-04-07 23:41:00,168 INFO o.a.j.r.Summariser: Summary Report - Demo Endurance =    235 in 00:01:03 =    3.7/s Avg:    46 Min:    29 Max:   405 Err:     0 (0.00%)
2026-04-07 23:41:30,171 INFO o.a.j.r.Summariser: Summary Report - Demo Endurance +    147 in 00:00:30 =    4.9/s Avg:    38 Min:    29 Max:    96 Err:     0 (0.00%) Active: 10 Started: 60 Finished: 50
2026-04-07 23:41:30,171 INFO o.a.j.r.Summariser: Summary Report - Demo Endurance =    382 in 00:01:33 =    4.1/s Avg:    43 Min:    29 Max:   405 Err:     0 (0.00%)
2026-04-07 23:42:00,494 INFO o.a.j.r.Summariser: Summary Report - Demo Endurance +    148 in 00:00:30 =    4.9/s Avg:    44 Min:    29 Max:   295 Err:     0 (0.00%) Active: 10 Started: 60 Finished: 50
2026-04-07 23:42:00,494 INFO o.a.j.r.Summariser: Summary Report - Demo Endurance =    530 in 00:02:03 =    4.3/s Avg:    43 Min:    29 Max:   405 Err:     0 (0.00%)
2026-04-07 23:42:30,169 INFO o.a.j.r.Summariser: Summary Report - Demo Endurance +    145 in 00:00:30 =    4.9/s Avg:    39 Min:    28 Max:   168 Err:     0 (0.00%) Active: 10 Started: 60 Finished: 50
2026-04-07 23:42:30,170 INFO o.a.j.r.Summariser: Summary Report - Demo Endurance =    675 in 00:02:33 =    4.4/s Avg:    43 Min:    28 Max:   405 Err:     0 (0.00%)
2026-04-07 23:43:00,351 INFO o.a.j.r.Summariser: Summary Report - Demo Endurance +    146 in 00:00:30 =    4.8/s Avg:    39 Min:    30 Max:   244 Err:     0 (0.00%) Active: 10 Started: 60 Finished: 50
2026-04-07 23:43:00,351 INFO o.a.j.r.Summariser: Summary Report - Demo Endurance =    821 in 00:03:03 =    4.5/s Avg:    42 Min:    28 Max:   405 Err:     0 (0.00%)
2026-04-07 23:43:30,032 INFO o.a.j.r.Summariser: Summary Report - Demo Endurance +    148 in 00:00:30 =    5.0/s Avg:    40 Min:    27 Max:   366 Err:     0 (0.00%) Active: 10 Started: 60 Finished: 50
2026-04-07 23:43:30,032 INFO o.a.j.r.Summariser: Summary Report - Demo Endurance =    969 in 00:03:33 =    4.6/s Avg:    42 Min:    27 Max:   405 Err:     0 (0.00%)
2026-04-07 23:44:00,166 INFO o.a.j.r.Summariser: Summary Report - Demo Endurance +    146 in 00:00:30 =    4.8/s Avg:    36 Min:    28 Max:   171 Err:     0 (0.00%) Active: 10 Started: 60 Finished: 50
2026-04-07 23:44:00,166 INFO o.a.j.r.Summariser: Summary Report - Demo Endurance =   1115 in 00:04:03 =    4.6/s Avg:    41 Min:    27 Max:   405 Err:     0 (0.00%)
2026-04-07 23:44:30,395 INFO o.a.j.r.Summariser: Summary Report - Demo Endurance +    146 in 00:00:30 =    4.8/s Avg:    38 Min:    29 Max:    98 Err:     0 (0.00%) Active: 10 Started: 60 Finished: 50
2026-04-07 23:44:30,395 INFO o.a.j.r.Summariser: Summary Report - Demo Endurance =   1261 in 00:04:33 =    4.6/s Avg:    41 Min:    27 Max:   405 Err:     0 (0.00%)
2026-04-07 23:44:55,414 INFO o.a.j.t.JMeterThread: Thread finished: Demo Endurance Test - 5 Min (Assignment Screenshots) 2-4
2026-04-07 23:44:55,426 INFO o.a.j.t.JMeterThread: Thread finished: Demo Endurance Test - 5 Min (Assignment Screenshots) 2-9
2026-04-07 23:44:55,489 INFO o.a.j.t.JMeterThread: Thread finished: Demo Endurance Test - 5 Min (Assignment Screenshots) 2-7
2026-04-07 23:44:55,744 INFO o.a.j.t.JMeterThread: Thread finished: Demo Endurance Test - 5 Min (Assignment Screenshots) 2-5
2026-04-07 23:44:55,776 INFO o.a.j.t.JMeterThread: Thread finished: Demo Endurance Test - 5 Min (Assignment Screenshots) 2-3
2026-04-07 23:44:56,313 INFO o.a.j.t.JMeterThread: Thread finished: Demo Endurance Test - 5 Min (Assignment Screenshots) 2-8
2026-04-07 23:44:56,964 INFO o.a.j.t.JMeterThread: Thread finished: Demo Endurance Test - 5 Min (Assignment Screenshots) 2-2
2026-04-07 23:44:57,155 INFO o.a.j.t.JMeterThread: Thread finished: Demo Endurance Test - 5 Min (Assignment Screenshots) 2-6
2026-04-07 23:44:57,202 INFO o.a.j.t.JMeterThread: Thread finished: Demo Endurance Test - 5 Min (Assignment Screenshots) 2-1
2026-04-07 23:44:57,202 INFO o.a.j.t.JMeterThread: Thread finished: Demo Endurance Test - 5 Min (Assignment Screenshots) 2-10
2026-04-07 23:44:57,213 INFO o.a.j.e.StandardJMeterEngine: Notifying test listeners of end of test
2026-04-07 23:44:57,213 INFO o.a.j.r.Summariser: Summary Report - Demo Endurance +    133 in 00:00:27 =    5.0/s Avg:    36 Min:    28 Max:   105 Err:     0 (0.00%) Active: 0 Started: 60 Finished: 60
2026-04-07 23:44:57,215 INFO o.a.j.r.Summariser: Summary Report - Demo Endurance =   1394 in 00:05:00 =    4.6/s Avg:    40 Min:    27 Max:   405 Err:     0 (0.00%)
2026-04-07 23:44:57,215 INFO o.a.j.r.Summariser: Summary Report - Load +    109 in 00:04:26 =    0.4/s Avg:    47 Min:    31 Max:   118 Err:     0 (0.00%) Active: 0 Started: 60 Finished: 60
2026-04-07 23:44:57,215 INFO o.a.j.r.Summariser: Summary Report - Load =    250 in 00:05:00 =    0.8/s Avg:    49 Min:    31 Max:   237 Err:     0 (0.00%)
2026-04-07 23:44:57,215 INFO o.a.j.g.u.JMeterMenuBar: setRunning(false, *local*)
2026-04-08 00:11:10,848 INFO o.a.j.e.StandardJMeterEngine: Running the test!
2026-04-08 00:11:10,848 INFO o.a.j.s.SampleEvent: List of sample_variables: []
2026-04-08 00:11:10,848 INFO o.a.j.g.u.JMeterMenuBar: setRunning(true, *local*)
2026-04-08 00:11:10,907 INFO o.a.j.e.StandardJMeterEngine: Starting ThreadGroup: 1 : Load Test - Peak Load (50 Users)
2026-04-08 00:11:10,907 INFO o.a.j.e.StandardJMeterEngine: Starting 50 threads for group Load Test - Peak Load (50 Users).
2026-04-08 00:11:10,907 INFO o.a.j.e.StandardJMeterEngine: Thread will continue on error
2026-04-08 00:11:10,907 INFO o.a.j.t.ThreadGroup: Starting thread group... number=1 threads=50 ramp-up=60 delayedStart=false
2026-04-08 00:11:10,907 INFO o.a.j.t.JMeterThread: Thread started: Load Test - Peak Load (50 Users) 1-1
2026-04-08 00:11:10,918 INFO o.a.j.t.ThreadGroup: Started thread group number 1
2026-04-08 00:11:10,918 INFO o.a.j.e.StandardJMeterEngine: Starting ThreadGroup: 2 : Demo Endurance Test - 5 Min (Assignment Screenshots)
2026-04-08 00:11:10,918 INFO o.a.j.e.StandardJMeterEngine: Starting 10 threads for group Demo Endurance Test - 5 Min (Assignment Screenshots).
2026-04-08 00:11:10,918 INFO o.a.j.e.StandardJMeterEngine: Thread will continue on error
2026-04-08 00:11:10,918 INFO o.a.j.t.ThreadGroup: Starting thread group... number=2 threads=10 ramp-up=30 delayedStart=false
2026-04-08 00:11:10,920 INFO o.a.j.t.ThreadGroup: Started thread group number 2
2026-04-08 00:11:10,920 INFO o.a.j.e.StandardJMeterEngine: All thread groups have been started
2026-04-08 00:11:10,920 INFO o.a.j.t.JMeterThread: Thread started: Demo Endurance Test - 5 Min (Assignment Screenshots) 2-1
2026-04-08 00:11:11,245 INFO o.a.j.t.JMeterThread: Thread is done: Load Test - Peak Load (50 Users) 1-1
2026-04-08 00:11:11,245 INFO o.a.j.t.JMeterThread: Thread finished: Load Test - Peak Load (50 Users) 1-1
2026-04-08 00:11:12,108 INFO o.a.j.t.JMeterThread: Thread started: Load Test - Peak Load (50 Users) 1-2
2026-04-08 00:11:12,339 INFO o.a.j.t.JMeterThread: Thread is done: Load Test - Peak Load (50 Users) 1-2
2026-04-08 00:11:12,339 INFO o.a.j.t.JMeterThread: Thread finished: Load Test - Peak Load (50 Users) 1-2
2026-04-08 00:11:13,308 INFO o.a.j.t.JMeterThread: Thread started: Load Test - Peak Load (50 Users) 1-3
2026-04-08 00:11:13,544 INFO o.a.j.t.JMeterThread: Thread is done: Load Test - Peak Load (50 Users) 1-3
2026-04-08 00:11:13,544 INFO o.a.j.t.JMeterThread: Thread finished: Load Test - Peak Load (50 Users) 1-3
2026-04-08 00:11:13,918 INFO o.a.j.t.JMeterThread: Thread started: Demo Endurance Test - 5 Min (Assignment Screenshots) 2-2
2026-04-08 00:11:14,508 INFO o.a.j.t.JMeterThread: Thread started: Load Test - Peak Load (50 Users) 1-4
2026-04-08 00:11:14,737 INFO o.a.j.t.JMeterThread: Thread is done: Load Test - Peak Load (50 Users) 1-4
2026-04-08 00:11:14,737 INFO o.a.j.t.JMeterThread: Thread finished: Load Test - Peak Load (50 Users) 1-4
2026-04-08 00:11:15,708 INFO o.a.j.t.JMeterThread: Thread started: Load Test - Peak Load (50 Users) 1-5
2026-04-08 00:11:15,944 INFO o.a.j.t.JMeterThread: Thread is done: Load Test - Peak Load (50 Users) 1-5
2026-04-08 00:11:15,944 INFO o.a.j.t.JMeterThread: Thread finished: Load Test - Peak Load (50 Users) 1-5
2026-04-08 00:11:16,907 INFO o.a.j.t.JMeterThread: Thread started: Load Test - Peak Load (50 Users) 1-6
2026-04-08 00:11:16,919 INFO o.a.j.t.JMeterThread: Thread started: Demo Endurance Test - 5 Min (Assignment Screenshots) 2-3
2026-04-08 00:11:17,129 INFO o.a.j.t.JMeterThread: Thread is done: Load Test - Peak Load (50 Users) 1-6
2026-04-08 00:11:17,129 INFO o.a.j.t.JMeterThread: Thread finished: Load Test - Peak Load (50 Users) 1-6
2026-04-08 00:11:18,108 INFO o.a.j.t.JMeterThread: Thread started: Load Test - Peak Load (50 Users) 1-7
2026-04-08 00:11:18,333 INFO o.a.j.t.JMeterThread: Thread is done: Load Test - Peak Load (50 Users) 1-7
2026-04-08 00:11:18,333 INFO o.a.j.t.JMeterThread: Thread finished: Load Test - Peak Load (50 Users) 1-7
2026-04-08 00:11:19,308 INFO o.a.j.t.JMeterThread: Thread started: Load Test - Peak Load (50 Users) 1-8
2026-04-08 00:11:19,532 INFO o.a.j.t.JMeterThread: Thread is done: Load Test - Peak Load (50 Users) 1-8
2026-04-08 00:11:19,532 INFO o.a.j.t.JMeterThread: Thread finished: Load Test - Peak Load (50 Users) 1-8
2026-04-08 00:11:19,918 INFO o.a.j.t.JMeterThread: Thread started: Demo Endurance Test - 5 Min (Assignment Screenshots) 2-4
2026-04-08 00:11:20,508 INFO o.a.j.t.JMeterThread: Thread started: Load Test - Peak Load (50 Users) 1-9
2026-04-08 00:11:20,731 INFO o.a.j.t.JMeterThread: Thread is done: Load Test - Peak Load (50 Users) 1-9
2026-04-08 00:11:20,731 INFO o.a.j.t.JMeterThread: Thread finished: Load Test - Peak Load (50 Users) 1-9
2026-04-08 00:11:21,708 INFO o.a.j.t.JMeterThread: Thread started: Load Test - Peak Load (50 Users) 1-10
2026-04-08 00:11:21,914 INFO o.a.j.t.JMeterThread: Thread is done: Load Test - Peak Load (50 Users) 1-10
2026-04-08 00:11:21,914 INFO o.a.j.t.JMeterThread: Thread finished: Load Test - Peak Load (50 Users) 1-10
2026-04-08 00:11:22,908 INFO o.a.j.t.JMeterThread: Thread started: Load Test - Peak Load (50 Users) 1-11
2026-04-08 00:11:22,921 INFO o.a.j.t.JMeterThread: Thread started: Demo Endurance Test - 5 Min (Assignment Screenshots) 2-5
2026-04-08 00:11:23,139 INFO o.a.j.t.JMeterThread: Thread is done: Load Test - Peak Load (50 Users) 1-11
2026-04-08 00:11:23,139 INFO o.a.j.t.JMeterThread: Thread finished: Load Test - Peak Load (50 Users) 1-11
2026-04-08 00:11:24,108 INFO o.a.j.t.JMeterThread: Thread started: Load Test - Peak Load (50 Users) 1-12
2026-04-08 00:11:24,345 INFO o.a.j.t.JMeterThread: Thread is done: Load Test - Peak Load (50 Users) 1-12
2026-04-08 00:11:24,345 INFO o.a.j.t.JMeterThread: Thread finished: Load Test - Peak Load (50 Users) 1-12
2026-04-08 00:11:25,307 INFO o.a.j.t.JMeterThread: Thread started: Load Test - Peak Load (50 Users) 1-13
2026-04-08 00:11:25,543 INFO o.a.j.t.JMeterThread: Thread is done: Load Test - Peak Load (50 Users) 1-13
2026-04-08 00:11:25,543 INFO o.a.j.t.JMeterThread: Thread finished: Load Test - Peak Load (50 Users) 1-13
2026-04-08 00:11:25,921 INFO o.a.j.t.JMeterThread: Thread started: Demo Endurance Test - 5 Min (Assignment Screenshots) 2-6
2026-04-08 00:11:26,507 INFO o.a.j.t.JMeterThread: Thread started: Load Test - Peak Load (50 Users) 1-14
2026-04-08 00:11:26,762 INFO o.a.j.t.JMeterThread: Thread is done: Load Test - Peak Load (50 Users) 1-14
2026-04-08 00:11:26,762 INFO o.a.j.t.JMeterThread: Thread finished: Load Test - Peak Load (50 Users) 1-14
2026-04-08 00:11:27,708 INFO o.a.j.t.JMeterThread: Thread started: Load Test - Peak Load (50 Users) 1-15
2026-04-08 00:11:27,931 INFO o.a.j.t.JMeterThread: Thread is done: Load Test - Peak Load (50 Users) 1-15
2026-04-08 00:11:27,931 INFO o.a.j.t.JMeterThread: Thread finished: Load Test - Peak Load (50 Users) 1-15
2026-04-08 00:11:28,908 INFO o.a.j.t.JMeterThread: Thread started: Load Test - Peak Load (50 Users) 1-16
2026-04-08 00:11:28,918 INFO o.a.j.t.JMeterThread: Thread started: Demo Endurance Test - 5 Min (Assignment Screenshots) 2-7
2026-04-08 00:11:29,156 INFO o.a.j.t.JMeterThread: Thread is done: Load Test - Peak Load (50 Users) 1-16
2026-04-08 00:11:29,156 INFO o.a.j.t.JMeterThread: Thread finished: Load Test - Peak Load (50 Users) 1-16
2026-04-08 00:11:30,040 INFO o.a.j.r.Summariser: Summary Report - Demo Endurance +     31 in 00:00:19 =    1.6/s Avg:    47 Min:    30 Max:    99 Err:     0 (0.00%) Active: 7 Started: 23 Finished: 16
2026-04-08 00:11:30,108 INFO o.a.j.t.JMeterThread: Thread started: Load Test - Peak Load (50 Users) 1-17
2026-04-08 00:11:30,187 INFO o.a.j.r.Summariser: Summary Report - Load +     81 in 00:00:19 =    4.2/s Avg:    47 Min:    29 Max:   158 Err:     0 (0.00%) Active: 8 Started: 24 Finished: 16
2026-04-08 00:11:30,360 INFO o.a.j.t.JMeterThread: Thread is done: Load Test - Peak Load (50 Users) 1-17
2026-04-08 00:11:30,360 INFO o.a.j.t.JMeterThread: Thread finished: Load Test - Peak Load (50 Users) 1-17
2026-04-08 00:11:31,308 INFO o.a.j.t.JMeterThread: Thread started: Load Test - Peak Load (50 Users) 1-18
2026-04-08 00:11:31,531 INFO o.a.j.t.JMeterThread: Thread is done: Load Test - Peak Load (50 Users) 1-18
2026-04-08 00:11:31,531 INFO o.a.j.t.JMeterThread: Thread finished: Load Test - Peak Load (50 Users) 1-18
2026-04-08 00:11:31,921 INFO o.a.j.t.JMeterThread: Thread started: Demo Endurance Test - 5 Min (Assignment Screenshots) 2-8
2026-04-08 00:11:32,508 INFO o.a.j.t.JMeterThread: Thread started: Load Test - Peak Load (50 Users) 1-19
2026-04-08 00:11:32,730 INFO o.a.j.t.JMeterThread: Thread is done: Load Test - Peak Load (50 Users) 1-19
2026-04-08 00:11:32,730 INFO o.a.j.t.JMeterThread: Thread finished: Load Test - Peak Load (50 Users) 1-19
2026-04-08 00:11:33,708 INFO o.a.j.t.JMeterThread: Thread started: Load Test - Peak Load (50 Users) 1-20
2026-04-08 00:11:33,961 INFO o.a.j.t.JMeterThread: Thread is done: Load Test - Peak Load (50 Users) 1-20
2026-04-08 00:11:33,961 INFO o.a.j.t.JMeterThread: Thread finished: Load Test - Peak Load (50 Users) 1-20
2026-04-08 00:11:34,907 INFO o.a.j.t.JMeterThread: Thread started: Load Test - Peak Load (50 Users) 1-21
2026-04-08 00:11:34,920 INFO o.a.j.t.JMeterThread: Thread started: Demo Endurance Test - 5 Min (Assignment Screenshots) 2-9
2026-04-08 00:11:35,133 INFO o.a.j.t.JMeterThread: Thread is done: Load Test - Peak Load (50 Users) 1-21
2026-04-08 00:11:35,133 INFO o.a.j.t.JMeterThread: Thread finished: Load Test - Peak Load (50 Users) 1-21
2026-04-08 00:11:36,107 INFO o.a.j.t.JMeterThread: Thread started: Load Test - Peak Load (50 Users) 1-22
2026-04-08 00:11:36,328 INFO o.a.j.t.JMeterThread: Thread is done: Load Test - Peak Load (50 Users) 1-22
2026-04-08 00:11:36,328 INFO o.a.j.t.JMeterThread: Thread finished: Load Test - Peak Load (50 Users) 1-22
2026-04-08 00:11:37,318 INFO o.a.j.t.JMeterThread: Thread started: Load Test - Peak Load (50 Users) 1-23
2026-04-08 00:11:37,543 INFO o.a.j.t.JMeterThread: Thread is done: Load Test - Peak Load (50 Users) 1-23
2026-04-08 00:11:37,543 INFO o.a.j.t.JMeterThread: Thread finished: Load Test - Peak Load (50 Users) 1-23
2026-04-08 00:11:37,921 INFO o.a.j.t.JMeterThread: Thread started: Demo Endurance Test - 5 Min (Assignment Screenshots) 2-10
2026-04-08 00:11:38,507 INFO o.a.j.t.JMeterThread: Thread started: Load Test - Peak Load (50 Users) 1-24
2026-04-08 00:11:38,746 INFO o.a.j.t.JMeterThread: Thread is done: Load Test - Peak Load (50 Users) 1-24
2026-04-08 00:11:38,746 INFO o.a.j.t.JMeterThread: Thread finished: Load Test - Peak Load (50 Users) 1-24
2026-04-08 00:11:39,708 INFO o.a.j.t.JMeterThread: Thread started: Load Test - Peak Load (50 Users) 1-25
2026-04-08 00:11:39,932 INFO o.a.j.t.JMeterThread: Thread is done: Load Test - Peak Load (50 Users) 1-25
2026-04-08 00:11:39,932 INFO o.a.j.t.JMeterThread: Thread finished: Load Test - Peak Load (50 Users) 1-25
2026-04-08 00:11:40,908 INFO o.a.j.t.JMeterThread: Thread started: Load Test - Peak Load (50 Users) 1-26
2026-04-08 00:11:41,167 INFO o.a.j.t.JMeterThread: Thread is done: Load Test - Peak Load (50 Users) 1-26
2026-04-08 00:11:41,167 INFO o.a.j.t.JMeterThread: Thread finished: Load Test - Peak Load (50 Users) 1-26
2026-04-08 00:11:42,120 INFO o.a.j.t.JMeterThread: Thread started: Load Test - Peak Load (50 Users) 1-27
2026-04-08 00:11:42,390 INFO o.a.j.t.JMeterThread: Thread is done: Load Test - Peak Load (50 Users) 1-27
2026-04-08 00:11:42,390 INFO o.a.j.t.JMeterThread: Thread finished: Load Test - Peak Load (50 Users) 1-27
2026-04-08 00:11:43,320 INFO o.a.j.t.JMeterThread: Thread started: Load Test - Peak Load (50 Users) 1-28
2026-04-08 00:11:43,560 INFO o.a.j.t.JMeterThread: Thread is done: Load Test - Peak Load (50 Users) 1-28
2026-04-08 00:11:43,560 INFO o.a.j.t.JMeterThread: Thread finished: Load Test - Peak Load (50 Users) 1-28
2026-04-08 00:11:44,507 INFO o.a.j.t.JMeterThread: Thread started: Load Test - Peak Load (50 Users) 1-29
2026-04-08 00:11:44,749 INFO o.a.j.t.JMeterThread: Thread is done: Load Test - Peak Load (50 Users) 1-29
2026-04-08 00:11:44,749 INFO o.a.j.t.JMeterThread: Thread finished: Load Test - Peak Load (50 Users) 1-29
2026-04-08 00:11:45,720 INFO o.a.j.t.JMeterThread: Thread started: Load Test - Peak Load (50 Users) 1-30
2026-04-08 00:11:45,936 INFO o.a.j.t.JMeterThread: Thread is done: Load Test - Peak Load (50 Users) 1-30
2026-04-08 00:11:45,936 INFO o.a.j.t.JMeterThread: Thread finished: Load Test - Peak Load (50 Users) 1-30
2026-04-08 00:11:46,918 INFO o.a.j.t.JMeterThread: Thread started: Load Test - Peak Load (50 Users) 1-31
2026-04-08 00:11:47,145 INFO o.a.j.t.JMeterThread: Thread is done: Load Test - Peak Load (50 Users) 1-31
2026-04-08 00:11:47,145 INFO o.a.j.t.JMeterThread: Thread finished: Load Test - Peak Load (50 Users) 1-31
2026-04-08 00:11:48,121 INFO o.a.j.t.JMeterThread: Thread started: Load Test - Peak Load (50 Users) 1-32
2026-04-08 00:11:48,359 INFO o.a.j.t.JMeterThread: Thread is done: Load Test - Peak Load (50 Users) 1-32
2026-04-08 00:11:48,359 INFO o.a.j.t.JMeterThread: Thread finished: Load Test - Peak Load (50 Users) 1-32
2026-04-08 00:11:49,320 INFO o.a.j.t.JMeterThread: Thread started: Load Test - Peak Load (50 Users) 1-33
2026-04-08 00:11:49,555 INFO o.a.j.t.JMeterThread: Thread is done: Load Test - Peak Load (50 Users) 1-33
2026-04-08 00:11:49,555 INFO o.a.j.t.JMeterThread: Thread finished: Load Test - Peak Load (50 Users) 1-33
2026-04-08 00:11:50,520 INFO o.a.j.t.JMeterThread: Thread started: Load Test - Peak Load (50 Users) 1-34
2026-04-08 00:11:50,724 INFO o.a.j.t.JMeterThread: Thread is done: Load Test - Peak Load (50 Users) 1-34
2026-04-08 00:11:50,724 INFO o.a.j.t.JMeterThread: Thread finished: Load Test - Peak Load (50 Users) 1-34
2026-04-08 00:11:51,710 INFO o.a.j.t.JMeterThread: Thread started: Load Test - Peak Load (50 Users) 1-35
2026-04-08 00:11:51,933 INFO o.a.j.t.JMeterThread: Thread is done: Load Test - Peak Load (50 Users) 1-35
2026-04-08 00:11:51,933 INFO o.a.j.t.JMeterThread: Thread finished: Load Test - Peak Load (50 Users) 1-35
2026-04-08 00:11:52,910 INFO o.a.j.t.JMeterThread: Thread started: Load Test - Peak Load (50 Users) 1-36
2026-04-08 00:11:53,135 INFO o.a.j.t.JMeterThread: Thread is done: Load Test - Peak Load (50 Users) 1-36
2026-04-08 00:11:53,135 INFO o.a.j.t.JMeterThread: Thread finished: Load Test - Peak Load (50 Users) 1-36
2026-04-08 00:11:54,110 INFO o.a.j.t.JMeterThread: Thread started: Load Test - Peak Load (50 Users) 1-37
2026-04-08 00:11:54,329 INFO o.a.j.t.JMeterThread: Thread is done: Load Test - Peak Load (50 Users) 1-37
2026-04-08 00:11:54,329 INFO o.a.j.t.JMeterThread: Thread finished: Load Test - Peak Load (50 Users) 1-37
2026-04-08 00:11:55,310 INFO o.a.j.t.JMeterThread: Thread started: Load Test - Peak Load (50 Users) 1-38
2026-04-08 00:11:55,540 INFO o.a.j.t.JMeterThread: Thread is done: Load Test - Peak Load (50 Users) 1-38
2026-04-08 00:11:55,540 INFO o.a.j.t.JMeterThread: Thread finished: Load Test - Peak Load (50 Users) 1-38
2026-04-08 00:11:56,510 INFO o.a.j.t.JMeterThread: Thread started: Load Test - Peak Load (50 Users) 1-39
2026-04-08 00:11:56,736 INFO o.a.j.t.JMeterThread: Thread is done: Load Test - Peak Load (50 Users) 1-39
2026-04-08 00:11:56,736 INFO o.a.j.t.JMeterThread: Thread finished: Load Test - Peak Load (50 Users) 1-39
2026-04-08 00:11:57,709 INFO o.a.j.t.JMeterThread: Thread started: Load Test - Peak Load (50 Users) 1-40
2026-04-08 00:11:57,933 INFO o.a.j.t.JMeterThread: Thread is done: Load Test - Peak Load (50 Users) 1-40
2026-04-08 00:11:57,933 INFO o.a.j.t.JMeterThread: Thread finished: Load Test - Peak Load (50 Users) 1-40
2026-04-08 00:11:58,910 INFO o.a.j.t.JMeterThread: Thread started: Load Test - Peak Load (50 Users) 1-41
2026-04-08 00:11:59,134 INFO o.a.j.t.JMeterThread: Thread is done: Load Test - Peak Load (50 Users) 1-41
2026-04-08 00:11:59,134 INFO o.a.j.t.JMeterThread: Thread finished: Load Test - Peak Load (50 Users) 1-41
2026-04-08 00:12:00,110 INFO o.a.j.t.JMeterThread: Thread started: Load Test - Peak Load (50 Users) 1-42
2026-04-08 00:12:00,193 INFO o.a.j.r.Summariser: Summary Report - Load +    125 in 00:00:30 =    4.2/s Avg:    46 Min:    29 Max:   139 Err:     0 (0.00%) Active: 11 Started: 52 Finished: 41
2026-04-08 00:12:00,193 INFO o.a.j.r.Summariser: Summary Report - Load =    206 in 00:00:49 =    4.2/s Avg:    47 Min:    29 Max:   158 Err:     0 (0.00%)
2026-04-08 00:12:00,382 INFO o.a.j.t.JMeterThread: Thread is done: Load Test - Peak Load (50 Users) 1-42
2026-04-08 00:12:00,382 INFO o.a.j.t.JMeterThread: Thread finished: Load Test - Peak Load (50 Users) 1-42
2026-04-08 00:12:00,412 INFO o.a.j.r.Summariser: Summary Report - Demo Endurance +    140 in 00:00:30 =    4.6/s Avg:    35 Min:    27 Max:    85 Err:     0 (0.00%) Active: 10 Started: 52 Finished: 42
2026-04-08 00:12:00,412 INFO o.a.j.r.Summariser: Summary Report - Demo Endurance =    171 in 00:00:50 =    3.5/s Avg:    37 Min:    27 Max:    99 Err:     0 (0.00%)
2026-04-08 00:12:01,311 INFO o.a.j.t.JMeterThread: Thread started: Load Test - Peak Load (50 Users) 1-43
2026-04-08 00:12:01,544 INFO o.a.j.t.JMeterThread: Thread is done: Load Test - Peak Load (50 Users) 1-43
2026-04-08 00:12:01,544 INFO o.a.j.t.JMeterThread: Thread finished: Load Test - Peak Load (50 Users) 1-43
2026-04-08 00:12:02,509 INFO o.a.j.t.JMeterThread: Thread started: Load Test - Peak Load (50 Users) 1-44
2026-04-08 00:12:02,729 INFO o.a.j.t.JMeterThread: Thread is done: Load Test - Peak Load (50 Users) 1-44
2026-04-08 00:12:02,729 INFO o.a.j.t.JMeterThread: Thread finished: Load Test - Peak Load (50 Users) 1-44
2026-04-08 00:12:03,709 INFO o.a.j.t.JMeterThread: Thread started: Load Test - Peak Load (50 Users) 1-45
2026-04-08 00:12:03,953 INFO o.a.j.t.JMeterThread: Thread is done: Load Test - Peak Load (50 Users) 1-45
2026-04-08 00:12:03,953 INFO o.a.j.t.JMeterThread: Thread finished: Load Test - Peak Load (50 Users) 1-45
2026-04-08 00:12:04,918 INFO o.a.j.t.JMeterThread: Thread started: Load Test - Peak Load (50 Users) 1-46
2026-04-08 00:12:05,133 INFO o.a.j.t.JMeterThread: Thread is done: Load Test - Peak Load (50 Users) 1-46
2026-04-08 00:12:05,133 INFO o.a.j.t.JMeterThread: Thread finished: Load Test - Peak Load (50 Users) 1-46
2026-04-08 00:12:06,109 INFO o.a.j.t.JMeterThread: Thread started: Load Test - Peak Load (50 Users) 1-47
2026-04-08 00:12:06,335 INFO o.a.j.t.JMeterThread: Thread is done: Load Test - Peak Load (50 Users) 1-47
2026-04-08 00:12:06,335 INFO o.a.j.t.JMeterThread: Thread finished: Load Test - Peak Load (50 Users) 1-47
2026-04-08 00:12:07,310 INFO o.a.j.t.JMeterThread: Thread started: Load Test - Peak Load (50 Users) 1-48
2026-04-08 00:12:07,525 INFO o.a.j.t.JMeterThread: Thread is done: Load Test - Peak Load (50 Users) 1-48
2026-04-08 00:12:07,525 INFO o.a.j.t.JMeterThread: Thread finished: Load Test - Peak Load (50 Users) 1-48
2026-04-08 00:12:08,510 INFO o.a.j.t.JMeterThread: Thread started: Load Test - Peak Load (50 Users) 1-49
2026-04-08 00:12:08,745 INFO o.a.j.t.JMeterThread: Thread is done: Load Test - Peak Load (50 Users) 1-49
2026-04-08 00:12:08,745 INFO o.a.j.t.JMeterThread: Thread finished: Load Test - Peak Load (50 Users) 1-49
2026-04-08 00:12:09,709 INFO o.a.j.t.JMeterThread: Thread started: Load Test - Peak Load (50 Users) 1-50
2026-04-08 00:12:09,916 INFO o.a.j.t.JMeterThread: Thread is done: Load Test - Peak Load (50 Users) 1-50
2026-04-08 00:12:09,916 INFO o.a.j.t.JMeterThread: Thread finished: Load Test - Peak Load (50 Users) 1-50
2026-04-08 00:12:30,199 INFO o.a.j.r.Summariser: Summary Report - Demo Endurance +    146 in 00:00:30 =    4.9/s Avg:    40 Min:    28 Max:   184 Err:     0 (0.00%) Active: 10 Started: 60 Finished: 50
2026-04-08 00:12:30,199 INFO o.a.j.r.Summariser: Summary Report - Demo Endurance =    317 in 00:01:19 =    4.0/s Avg:    38 Min:    27 Max:   184 Err:     0 (0.00%)
2026-04-08 00:13:00,139 INFO o.a.j.r.Summariser: Summary Report - Demo Endurance +    147 in 00:00:30 =    4.9/s Avg:    36 Min:    29 Max:   112 Err:     0 (0.00%) Active: 10 Started: 60 Finished: 50
2026-04-08 00:13:00,139 INFO o.a.j.r.Summariser: Summary Report - Demo Endurance =    464 in 00:01:49 =    4.2/s Avg:    38 Min:    27 Max:   184 Err:     0 (0.00%)
2026-04-08 00:13:30,318 INFO o.a.j.r.Summariser: Summary Report - Demo Endurance +    147 in 00:00:30 =    4.9/s Avg:    35 Min:    27 Max:   113 Err:     0 (0.00%) Active: 10 Started: 60 Finished: 50
2026-04-08 00:13:30,318 INFO o.a.j.r.Summariser: Summary Report - Demo Endurance =    611 in 00:02:19 =    4.4/s Avg:    37 Min:    27 Max:   184 Err:     0 (0.00%)
2026-04-08 00:14:00,078 INFO o.a.j.r.Summariser: Summary Report - Demo Endurance +    146 in 00:00:30 =    4.9/s Avg:    40 Min:    28 Max:   229 Err:     0 (0.00%) Active: 10 Started: 60 Finished: 50
2026-04-08 00:14:00,078 INFO o.a.j.r.Summariser: Summary Report - Demo Endurance =    757 in 00:02:49 =    4.5/s Avg:    38 Min:    27 Max:   229 Err:     0 (0.00%)
2026-04-08 00:14:30,108 INFO o.a.j.r.Summariser: Summary Report - Demo Endurance +    148 in 00:00:30 =    4.9/s Avg:    35 Min:    27 Max:   103 Err:     0 (0.00%) Active: 10 Started: 60 Finished: 50
2026-04-08 00:14:30,108 INFO o.a.j.r.Summariser: Summary Report - Demo Endurance =    905 in 00:03:19 =    4.5/s Avg:    37 Min:    27 Max:   229 Err:     0 (0.00%)
2026-04-08 00:15:00,285 INFO o.a.j.r.Summariser: Summary Report - Demo Endurance +    146 in 00:00:30 =    4.8/s Avg:    39 Min:    28 Max:   307 Err:     0 (0.00%) Active: 10 Started: 60 Finished: 50
2026-04-08 00:15:00,288 INFO o.a.j.r.Summariser: Summary Report - Demo Endurance =   1051 in 00:03:49 =    4.6/s Avg:    37 Min:    27 Max:   307 Err:     0 (0.00%)
2026-04-08 00:15:30,071 INFO o.a.j.r.Summariser: Summary Report - Demo Endurance +    147 in 00:00:30 =    4.9/s Avg:    37 Min:    29 Max:   110 Err:     0 (0.00%) Active: 10 Started: 60 Finished: 50
2026-04-08 00:15:30,071 INFO o.a.j.r.Summariser: Summary Report - Demo Endurance =   1198 in 00:04:19 =    4.6/s Avg:    37 Min:    27 Max:   307 Err:     0 (0.00%)
2026-04-08 00:16:00,362 INFO o.a.j.r.Summariser: Summary Report - Demo Endurance +    148 in 00:00:30 =    4.9/s Avg:    35 Min:    29 Max:    90 Err:     0 (0.00%) Active: 10 Started: 60 Finished: 50
2026-04-08 00:16:00,363 INFO o.a.j.r.Summariser: Summary Report - Demo Endurance =   1346 in 00:04:50 =    4.6/s Avg:    37 Min:    27 Max:   307 Err:     0 (0.00%)
2026-04-08 00:16:08,968 INFO o.a.j.t.JMeterThread: Thread finished: Demo Endurance Test - 5 Min (Assignment Screenshots) 2-3
2026-04-08 00:16:09,361 INFO o.a.j.t.JMeterThread: Thread finished: Demo Endurance Test - 5 Min (Assignment Screenshots) 2-1
2026-04-08 00:16:09,731 INFO o.a.j.t.JMeterThread: Thread finished: Demo Endurance Test - 5 Min (Assignment Screenshots) 2-10
2026-04-08 00:16:09,931 INFO o.a.j.t.JMeterThread: Thread finished: Demo Endurance Test - 5 Min (Assignment Screenshots) 2-6
2026-04-08 00:16:10,015 INFO o.a.j.t.JMeterThread: Thread finished: Demo Endurance Test - 5 Min (Assignment Screenshots) 2-8
2026-04-08 00:16:10,015 INFO o.a.j.t.JMeterThread: Thread finished: Demo Endurance Test - 5 Min (Assignment Screenshots) 2-2
2026-04-08 00:16:10,110 INFO o.a.j.t.JMeterThread: Thread finished: Demo Endurance Test - 5 Min (Assignment Screenshots) 2-4
2026-04-08 00:16:10,556 INFO o.a.j.t.JMeterThread: Thread finished: Demo Endurance Test - 5 Min (Assignment Screenshots) 2-9
2026-04-08 00:16:10,686 INFO o.a.j.t.JMeterThread: Thread finished: Demo Endurance Test - 5 Min (Assignment Screenshots) 2-7
2026-04-08 00:16:10,941 INFO o.a.j.t.JMeterThread: Stopping because end time detected by thread: Demo Endurance Test - 5 Min (Assignment Screenshots) 2-5
2026-04-08 00:16:10,941 INFO o.a.j.t.JMeterThread: Thread finished: Demo Endurance Test - 5 Min (Assignment Screenshots) 2-5
2026-04-08 00:16:10,941 INFO o.a.j.e.StandardJMeterEngine: Notifying test listeners of end of test
2026-04-08 00:16:10,941 INFO o.a.j.r.Summariser: Summary Report - Demo Endurance +     52 in 00:00:11 =    4.9/s Avg:    34 Min:    28 Max:    54 Err:     0 (0.00%) Active: 0 Started: 60 Finished: 60
2026-04-08 00:16:10,942 INFO o.a.j.r.Summariser: Summary Report - Demo Endurance =   1398 in 00:05:00 =    4.7/s Avg:    37 Min:    27 Max:   307 Err:     0 (0.00%)
2026-04-08 00:16:10,942 INFO o.a.j.r.Summariser: Summary Report - Load +     44 in 00:04:11 =    0.2/s Avg:    44 Min:    33 Max:    85 Err:     0 (0.00%) Active: 0 Started: 60 Finished: 60
2026-04-08 00:16:10,942 INFO o.a.j.r.Summariser: Summary Report - Load =    250 in 00:05:00 =    0.8/s Avg:    46 Min:    29 Max:   158 Err:     0 (0.00%)
2026-04-08 00:16:10,943 INFO o.a.j.g.u.JMeterMenuBar: setRunning(false, *local*)
2026-04-08 00:26:29,146 INFO o.a.j.e.StandardJMeterEngine: Running the test!
2026-04-08 00:26:29,146 INFO o.a.j.s.SampleEvent: List of sample_variables: []
2026-04-08 00:26:29,146 INFO o.a.j.g.u.JMeterMenuBar: setRunning(true, *local*)
2026-04-08 00:26:29,209 INFO o.a.j.e.StandardJMeterEngine: Starting ThreadGroup: 1 : Load Test - Peak Load (50 Users)
2026-04-08 00:26:29,209 INFO o.a.j.e.StandardJMeterEngine: Starting 50 threads for group Load Test - Peak Load (50 Users).
2026-04-08 00:26:29,209 INFO o.a.j.e.StandardJMeterEngine: Thread will continue on error
2026-04-08 00:26:29,209 INFO o.a.j.t.ThreadGroup: Starting thread group... number=1 threads=50 ramp-up=60 delayedStart=false
2026-04-08 00:26:29,209 INFO o.a.j.t.JMeterThread: Thread started: Load Test - Peak Load (50 Users) 1-1
2026-04-08 00:26:29,216 INFO o.a.j.t.ThreadGroup: Started thread group number 1
2026-04-08 00:26:29,218 INFO o.a.j.e.StandardJMeterEngine: Starting ThreadGroup: 2 : Demo Endurance Test - 5 Min (Assignment Screenshots)
2026-04-08 00:26:29,218 INFO o.a.j.e.StandardJMeterEngine: Starting 10 threads for group Demo Endurance Test - 5 Min (Assignment Screenshots).
2026-04-08 00:26:29,218 INFO o.a.j.e.StandardJMeterEngine: Thread will continue on error
2026-04-08 00:26:29,218 INFO o.a.j.t.ThreadGroup: Starting thread group... number=2 threads=10 ramp-up=30 delayedStart=false
2026-04-08 00:26:29,218 INFO o.a.j.t.ThreadGroup: Started thread group number 2
2026-04-08 00:26:29,218 INFO o.a.j.e.StandardJMeterEngine: All thread groups have been started
2026-04-08 00:26:29,218 INFO o.a.j.t.JMeterThread: Thread started: Demo Endurance Test - 5 Min (Assignment Screenshots) 2-1
2026-04-08 00:26:29,479 INFO o.a.j.t.JMeterThread: Thread is done: Load Test - Peak Load (50 Users) 1-1
2026-04-08 00:26:29,479 INFO o.a.j.t.JMeterThread: Thread finished: Load Test - Peak Load (50 Users) 1-1
2026-04-08 00:26:30,410 INFO o.a.j.t.JMeterThread: Thread started: Load Test - Peak Load (50 Users) 1-2
2026-04-08 00:26:30,490 INFO o.a.j.r.Summariser: Summary Report - Load +      6 in 00:00:01 =    4.5/s Avg:    58 Min:    36 Max:   117 Err:     0 (0.00%) Active: 2 Started: 3 Finished: 1
2026-04-08 00:26:30,657 INFO o.a.j.t.JMeterThread: Thread is done: Load Test - Peak Load (50 Users) 1-2
2026-04-08 00:26:30,657 INFO o.a.j.t.JMeterThread: Thread finished: Load Test - Peak Load (50 Users) 1-2
2026-04-08 00:26:31,310 INFO o.a.j.r.Summariser: Summary Report - Demo Endurance +      1 in 00:00:02 =    0.5/s Avg:    81 Min:    81 Max:    81 Err:     0 (0.00%) Active: 1 Started: 3 Finished: 2
2026-04-08 00:26:31,615 INFO o.a.j.t.JMeterThread: Thread started: Load Test - Peak Load (50 Users) 1-3
2026-04-08 00:26:31,840 INFO o.a.j.t.JMeterThread: Thread is done: Load Test - Peak Load (50 Users) 1-3
2026-04-08 00:26:31,840 INFO o.a.j.t.JMeterThread: Thread finished: Load Test - Peak Load (50 Users) 1-3
2026-04-08 00:26:32,233 INFO o.a.j.t.JMeterThread: Thread started: Demo Endurance Test - 5 Min (Assignment Screenshots) 2-2
2026-04-08 00:26:32,814 INFO o.a.j.t.JMeterThread: Thread started: Load Test - Peak Load (50 Users) 1-4
2026-04-08 00:26:33,036 INFO o.a.j.t.JMeterThread: Thread is done: Load Test - Peak Load (50 Users) 1-4
2026-04-08 00:26:33,036 INFO o.a.j.t.JMeterThread: Thread finished: Load Test - Peak Load (50 Users) 1-4
2026-04-08 00:26:34,014 INFO o.a.j.t.JMeterThread: Thread started: Load Test - Peak Load (50 Users) 1-5
2026-04-08 00:26:34,253 INFO o.a.j.t.JMeterThread: Thread is done: Load Test - Peak Load (50 Users) 1-5
2026-04-08 00:26:34,253 INFO o.a.j.t.JMeterThread: Thread finished: Load Test - Peak Load (50 Users) 1-5
2026-04-08 00:26:35,217 INFO o.a.j.t.JMeterThread: Thread started: Load Test - Peak Load (50 Users) 1-6
2026-04-08 00:26:35,219 INFO o.a.j.t.JMeterThread: Thread started: Demo Endurance Test - 5 Min (Assignment Screenshots) 2-3
2026-04-08 00:26:35,443 INFO o.a.j.t.JMeterThread: Thread is done: Load Test - Peak Load (50 Users) 1-6
2026-04-08 00:26:35,443 INFO o.a.j.t.JMeterThread: Thread finished: Load Test - Peak Load (50 Users) 1-6
2026-04-08 00:26:36,415 INFO o.a.j.t.JMeterThread: Thread started: Load Test - Peak Load (50 Users) 1-7
2026-04-08 00:26:36,637 INFO o.a.j.t.JMeterThread: Thread is done: Load Test - Peak Load (50 Users) 1-7
2026-04-08 00:26:36,637 INFO o.a.j.t.JMeterThread: Thread finished: Load Test - Peak Load (50 Users) 1-7
2026-04-08 00:26:37,615 INFO o.a.j.t.JMeterThread: Thread started: Load Test - Peak Load (50 Users) 1-8
2026-04-08 00:26:37,832 INFO o.a.j.t.JMeterThread: Thread is done: Load Test - Peak Load (50 Users) 1-8
2026-04-08 00:26:37,832 INFO o.a.j.t.JMeterThread: Thread finished: Load Test - Peak Load (50 Users) 1-8
2026-04-08 00:26:38,218 INFO o.a.j.t.JMeterThread: Thread started: Demo Endurance Test - 5 Min (Assignment Screenshots) 2-4
2026-04-08 00:26:38,814 INFO o.a.j.t.JMeterThread: Thread started: Load Test - Peak Load (50 Users) 1-9
2026-04-08 00:26:39,049 INFO o.a.j.t.JMeterThread: Thread is done: Load Test - Peak Load (50 Users) 1-9
2026-04-08 00:26:39,049 INFO o.a.j.t.JMeterThread: Thread finished: Load Test - Peak Load (50 Users) 1-9
2026-04-08 00:26:40,015 INFO o.a.j.t.JMeterThread: Thread started: Load Test - Peak Load (50 Users) 1-10
2026-04-08 00:26:40,222 INFO o.a.j.t.JMeterThread: Thread is done: Load Test - Peak Load (50 Users) 1-10
2026-04-08 00:26:40,222 INFO o.a.j.t.JMeterThread: Thread finished: Load Test - Peak Load (50 Users) 1-10
2026-04-08 00:26:41,214 INFO o.a.j.t.JMeterThread: Thread started: Load Test - Peak Load (50 Users) 1-11
2026-04-08 00:26:41,218 INFO o.a.j.t.JMeterThread: Thread started: Demo Endurance Test - 5 Min (Assignment Screenshots) 2-5
2026-04-08 00:26:41,447 INFO o.a.j.t.JMeterThread: Thread is done: Load Test - Peak Load (50 Users) 1-11
2026-04-08 00:26:41,447 INFO o.a.j.t.JMeterThread: Thread finished: Load Test - Peak Load (50 Users) 1-11
2026-04-08 00:26:42,415 INFO o.a.j.t.JMeterThread: Thread started: Load Test - Peak Load (50 Users) 1-12
2026-04-08 00:26:42,649 INFO o.a.j.t.JMeterThread: Thread is done: Load Test - Peak Load (50 Users) 1-12
2026-04-08 00:26:42,649 INFO o.a.j.t.JMeterThread: Thread finished: Load Test - Peak Load (50 Users) 1-12
2026-04-08 00:26:43,609 INFO o.a.j.t.JMeterThread: Thread started: Load Test - Peak Load (50 Users) 1-13
2026-04-08 00:26:43,855 INFO o.a.j.t.JMeterThread: Thread is done: Load Test - Peak Load (50 Users) 1-13
2026-04-08 00:26:43,855 INFO o.a.j.t.JMeterThread: Thread finished: Load Test - Peak Load (50 Users) 1-13
2026-04-08 00:26:44,219 INFO o.a.j.t.JMeterThread: Thread started: Demo Endurance Test - 5 Min (Assignment Screenshots) 2-6
2026-04-08 00:26:44,812 INFO o.a.j.t.JMeterThread: Thread started: Load Test - Peak Load (50 Users) 1-14
2026-04-08 00:26:45,018 INFO o.a.j.t.JMeterThread: Thread is done: Load Test - Peak Load (50 Users) 1-14
2026-04-08 00:26:45,018 INFO o.a.j.t.JMeterThread: Thread finished: Load Test - Peak Load (50 Users) 1-14
2026-04-08 00:26:46,012 INFO o.a.j.t.JMeterThread: Thread started: Load Test - Peak Load (50 Users) 1-15
2026-04-08 00:26:46,236 INFO o.a.j.t.JMeterThread: Thread is done: Load Test - Peak Load (50 Users) 1-15
2026-04-08 00:26:46,236 INFO o.a.j.t.JMeterThread: Thread finished: Load Test - Peak Load (50 Users) 1-15
2026-04-08 00:26:47,211 INFO o.a.j.t.JMeterThread: Thread started: Load Test - Peak Load (50 Users) 1-16
2026-04-08 00:26:47,218 INFO o.a.j.t.JMeterThread: Thread started: Demo Endurance Test - 5 Min (Assignment Screenshots) 2-7
2026-04-08 00:26:47,426 INFO o.a.j.t.JMeterThread: Thread is done: Load Test - Peak Load (50 Users) 1-16
2026-04-08 00:26:47,426 INFO o.a.j.t.JMeterThread: Thread finished: Load Test - Peak Load (50 Users) 1-16
2026-04-08 00:26:48,411 INFO o.a.j.t.JMeterThread: Thread started: Load Test - Peak Load (50 Users) 1-17
2026-04-08 00:26:48,636 INFO o.a.j.t.JMeterThread: Thread is done: Load Test - Peak Load (50 Users) 1-17
2026-04-08 00:26:48,636 INFO o.a.j.t.JMeterThread: Thread finished: Load Test - Peak Load (50 Users) 1-17
2026-04-08 00:26:49,613 INFO o.a.j.t.JMeterThread: Thread started: Load Test - Peak Load (50 Users) 1-18
2026-04-08 00:26:49,837 INFO o.a.j.t.JMeterThread: Thread is done: Load Test - Peak Load (50 Users) 1-18
2026-04-08 00:26:49,837 INFO o.a.j.t.JMeterThread: Thread finished: Load Test - Peak Load (50 Users) 1-18
2026-04-08 00:26:50,219 INFO o.a.j.t.JMeterThread: Thread started: Demo Endurance Test - 5 Min (Assignment Screenshots) 2-8
2026-04-08 00:26:50,812 INFO o.a.j.t.JMeterThread: Thread started: Load Test - Peak Load (50 Users) 1-19
2026-04-08 00:26:51,035 INFO o.a.j.t.JMeterThread: Thread is done: Load Test - Peak Load (50 Users) 1-19
2026-04-08 00:26:51,035 INFO o.a.j.t.JMeterThread: Thread finished: Load Test - Peak Load (50 Users) 1-19
2026-04-08 00:26:52,015 INFO o.a.j.t.JMeterThread: Thread started: Load Test - Peak Load (50 Users) 1-20
2026-04-08 00:26:52,235 INFO o.a.j.t.JMeterThread: Thread is done: Load Test - Peak Load (50 Users) 1-20
2026-04-08 00:26:52,235 INFO o.a.j.t.JMeterThread: Thread finished: Load Test - Peak Load (50 Users) 1-20
2026-04-08 00:26:53,213 INFO o.a.j.t.JMeterThread: Thread started: Load Test - Peak Load (50 Users) 1-21
2026-04-08 00:26:53,219 INFO o.a.j.t.JMeterThread: Thread started: Demo Endurance Test - 5 Min (Assignment Screenshots) 2-9
2026-04-08 00:26:53,449 INFO o.a.j.t.JMeterThread: Thread is done: Load Test - Peak Load (50 Users) 1-21
2026-04-08 00:26:53,449 INFO o.a.j.t.JMeterThread: Thread finished: Load Test - Peak Load (50 Users) 1-21
2026-04-08 00:26:54,411 INFO o.a.j.t.JMeterThread: Thread started: Load Test - Peak Load (50 Users) 1-22
2026-04-08 00:26:54,625 INFO o.a.j.t.JMeterThread: Thread is done: Load Test - Peak Load (50 Users) 1-22
2026-04-08 00:26:54,625 INFO o.a.j.t.JMeterThread: Thread finished: Load Test - Peak Load (50 Users) 1-22
2026-04-08 00:26:55,612 INFO o.a.j.t.JMeterThread: Thread started: Load Test - Peak Load (50 Users) 1-23
2026-04-08 00:26:55,842 INFO o.a.j.t.JMeterThread: Thread is done: Load Test - Peak Load (50 Users) 1-23
2026-04-08 00:26:55,842 INFO o.a.j.t.JMeterThread: Thread finished: Load Test - Peak Load (50 Users) 1-23
2026-04-08 00:26:56,219 INFO o.a.j.t.JMeterThread: Thread started: Demo Endurance Test - 5 Min (Assignment Screenshots) 2-10
2026-04-08 00:26:56,812 INFO o.a.j.t.JMeterThread: Thread started: Load Test - Peak Load (50 Users) 1-24
2026-04-08 00:26:57,047 INFO o.a.j.t.JMeterThread: Thread is done: Load Test - Peak Load (50 Users) 1-24
2026-04-08 00:26:57,047 INFO o.a.j.t.JMeterThread: Thread finished: Load Test - Peak Load (50 Users) 1-24
2026-04-08 00:26:58,013 INFO o.a.j.t.JMeterThread: Thread started: Load Test - Peak Load (50 Users) 1-25
2026-04-08 00:26:58,249 INFO o.a.j.t.JMeterThread: Thread is done: Load Test - Peak Load (50 Users) 1-25
2026-04-08 00:26:58,249 INFO o.a.j.t.JMeterThread: Thread finished: Load Test - Peak Load (50 Users) 1-25
2026-04-08 00:26:59,213 INFO o.a.j.t.JMeterThread: Thread started: Load Test - Peak Load (50 Users) 1-26
2026-04-08 00:26:59,456 INFO o.a.j.t.JMeterThread: Thread is done: Load Test - Peak Load (50 Users) 1-26
2026-04-08 00:26:59,456 INFO o.a.j.t.JMeterThread: Thread finished: Load Test - Peak Load (50 Users) 1-26
2026-04-08 00:27:00,355 INFO o.a.j.r.Summariser: Summary Report - Demo Endurance +     80 in 00:00:29 =    2.8/s Avg:    40 Min:    29 Max:    93 Err:     0 (0.00%) Active: 10 Started: 36 Finished: 26
2026-04-08 00:27:00,356 INFO o.a.j.r.Summariser: Summary Report - Demo Endurance =     81 in 00:00:31 =    2.6/s Avg:    40 Min:    29 Max:    93 Err:     0 (0.00%)
2026-04-08 00:27:00,414 INFO o.a.j.t.JMeterThread: Thread started: Load Test - Peak Load (50 Users) 1-27
2026-04-08 00:27:00,557 INFO o.a.j.r.Summariser: Summary Report - Load +    125 in 00:00:30 =    4.2/s Avg:    46 Min:    30 Max:   153 Err:     0 (0.00%) Active: 11 Started: 37 Finished: 26
2026-04-08 00:27:00,557 INFO o.a.j.r.Summariser: Summary Report - Load =    131 in 00:00:31 =    4.2/s Avg:    46 Min:    30 Max:   153 Err:     0 (0.00%)
2026-04-08 00:27:00,700 INFO o.a.j.t.JMeterThread: Thread is done: Load Test - Peak Load (50 Users) 1-27
2026-04-08 00:27:00,700 INFO o.a.j.t.JMeterThread: Thread finished: Load Test - Peak Load (50 Users) 1-27
2026-04-08 00:27:01,614 INFO o.a.j.t.JMeterThread: Thread started: Load Test - Peak Load (50 Users) 1-28
2026-04-08 00:27:01,828 INFO o.a.j.t.JMeterThread: Thread is done: Load Test - Peak Load (50 Users) 1-28
2026-04-08 00:27:01,828 INFO o.a.j.t.JMeterThread: Thread finished: Load Test - Peak Load (50 Users) 1-28
2026-04-08 00:27:02,817 INFO o.a.j.t.JMeterThread: Thread started: Load Test - Peak Load (50 Users) 1-29
2026-04-08 00:27:03,046 INFO o.a.j.t.JMeterThread: Thread is done: Load Test - Peak Load (50 Users) 1-29
2026-04-08 00:27:03,046 INFO o.a.j.t.JMeterThread: Thread finished: Load Test - Peak Load (50 Users) 1-29
2026-04-08 00:27:04,014 INFO o.a.j.t.JMeterThread: Thread started: Load Test - Peak Load (50 Users) 1-30
2026-04-08 00:27:04,233 INFO o.a.j.t.JMeterThread: Thread is done: Load Test - Peak Load (50 Users) 1-30
2026-04-08 00:27:04,233 INFO o.a.j.t.JMeterThread: Thread finished: Load Test - Peak Load (50 Users) 1-30
2026-04-08 00:27:05,214 INFO o.a.j.t.JMeterThread: Thread started: Load Test - Peak Load (50 Users) 1-31
2026-04-08 00:27:05,444 INFO o.a.j.t.JMeterThread: Thread is done: Load Test - Peak Load (50 Users) 1-31
2026-04-08 00:27:05,444 INFO o.a.j.t.JMeterThread: Thread finished: Load Test - Peak Load (50 Users) 1-31
2026-04-08 00:27:06,413 INFO o.a.j.t.JMeterThread: Thread started: Load Test - Peak Load (50 Users) 1-32
2026-04-08 00:27:06,638 INFO o.a.j.t.JMeterThread: Thread is done: Load Test - Peak Load (50 Users) 1-32
2026-04-08 00:27:06,638 INFO o.a.j.t.JMeterThread: Thread finished: Load Test - Peak Load (50 Users) 1-32
2026-04-08 00:27:07,614 INFO o.a.j.t.JMeterThread: Thread started: Load Test - Peak Load (50 Users) 1-33
2026-04-08 00:27:07,832 INFO o.a.j.t.JMeterThread: Thread is done: Load Test - Peak Load (50 Users) 1-33
2026-04-08 00:27:07,832 INFO o.a.j.t.JMeterThread: Thread finished: Load Test - Peak Load (50 Users) 1-33
2026-04-08 00:27:08,828 INFO o.a.j.t.JMeterThread: Thread started: Load Test - Peak Load (50 Users) 1-34
2026-04-08 00:27:09,049 INFO o.a.j.t.JMeterThread: Thread is done: Load Test - Peak Load (50 Users) 1-34
2026-04-08 00:27:09,049 INFO o.a.j.t.JMeterThread: Thread finished: Load Test - Peak Load (50 Users) 1-34
2026-04-08 00:27:10,014 INFO o.a.j.t.JMeterThread: Thread started: Load Test - Peak Load (50 Users) 1-35
2026-04-08 00:27:10,267 INFO o.a.j.t.JMeterThread: Thread is done: Load Test - Peak Load (50 Users) 1-35
2026-04-08 00:27:10,267 INFO o.a.j.t.JMeterThread: Thread finished: Load Test - Peak Load (50 Users) 1-35
2026-04-08 00:27:11,213 INFO o.a.j.t.JMeterThread: Thread started: Load Test - Peak Load (50 Users) 1-36
2026-04-08 00:27:11,444 INFO o.a.j.t.JMeterThread: Thread is done: Load Test - Peak Load (50 Users) 1-36
2026-04-08 00:27:11,444 INFO o.a.j.t.JMeterThread: Thread finished: Load Test - Peak Load (50 Users) 1-36
2026-04-08 00:27:12,413 INFO o.a.j.t.JMeterThread: Thread started: Load Test - Peak Load (50 Users) 1-37
2026-04-08 00:27:12,652 INFO o.a.j.t.JMeterThread: Thread is done: Load Test - Peak Load (50 Users) 1-37
2026-04-08 00:27:12,652 INFO o.a.j.t.JMeterThread: Thread finished: Load Test - Peak Load (50 Users) 1-37
2026-04-08 00:27:13,623 INFO o.a.j.t.JMeterThread: Thread started: Load Test - Peak Load (50 Users) 1-38
2026-04-08 00:27:13,877 INFO o.a.j.t.JMeterThread: Thread is done: Load Test - Peak Load (50 Users) 1-38
2026-04-08 00:27:13,877 INFO o.a.j.t.JMeterThread: Thread finished: Load Test - Peak Load (50 Users) 1-38
2026-04-08 00:27:14,823 INFO o.a.j.t.JMeterThread: Thread started: Load Test - Peak Load (50 Users) 1-39
2026-04-08 00:27:15,078 INFO o.a.j.t.JMeterThread: Thread is done: Load Test - Peak Load (50 Users) 1-39
2026-04-08 00:27:15,078 INFO o.a.j.t.JMeterThread: Thread finished: Load Test - Peak Load (50 Users) 1-39
2026-04-08 00:27:16,011 INFO o.a.j.t.JMeterThread: Thread started: Load Test - Peak Load (50 Users) 1-40
2026-04-08 00:27:16,237 INFO o.a.j.t.JMeterThread: Thread is done: Load Test - Peak Load (50 Users) 1-40
2026-04-08 00:27:16,237 INFO o.a.j.t.JMeterThread: Thread finished: Load Test - Peak Load (50 Users) 1-40
2026-04-08 00:27:17,211 INFO o.a.j.t.JMeterThread: Thread started: Load Test - Peak Load (50 Users) 1-41
2026-04-08 00:27:17,433 INFO o.a.j.t.JMeterThread: Thread is done: Load Test - Peak Load (50 Users) 1-41
2026-04-08 00:27:17,433 INFO o.a.j.t.JMeterThread: Thread finished: Load Test - Peak Load (50 Users) 1-41
2026-04-08 00:27:18,412 INFO o.a.j.t.JMeterThread: Thread started: Load Test - Peak Load (50 Users) 1-42
2026-04-08 00:27:18,619 INFO o.a.j.t.JMeterThread: Thread is done: Load Test - Peak Load (50 Users) 1-42
2026-04-08 00:27:18,619 INFO o.a.j.t.JMeterThread: Thread finished: Load Test - Peak Load (50 Users) 1-42
2026-04-08 00:27:19,612 INFO o.a.j.t.JMeterThread: Thread started: Load Test - Peak Load (50 Users) 1-43
2026-04-08 00:27:19,833 INFO o.a.j.t.JMeterThread: Thread is done: Load Test - Peak Load (50 Users) 1-43
2026-04-08 00:27:19,833 INFO o.a.j.t.JMeterThread: Thread finished: Load Test - Peak Load (50 Users) 1-43
2026-04-08 00:27:20,812 INFO o.a.j.t.JMeterThread: Thread started: Load Test - Peak Load (50 Users) 1-44
2026-04-08 00:27:21,049 INFO o.a.j.t.JMeterThread: Thread is done: Load Test - Peak Load (50 Users) 1-44
2026-04-08 00:27:21,049 INFO o.a.j.t.JMeterThread: Thread finished: Load Test - Peak Load (50 Users) 1-44
2026-04-08 00:27:22,012 INFO o.a.j.t.JMeterThread: Thread started: Load Test - Peak Load (50 Users) 1-45
2026-04-08 00:27:22,236 INFO o.a.j.t.JMeterThread: Thread is done: Load Test - Peak Load (50 Users) 1-45
2026-04-08 00:27:22,236 INFO o.a.j.t.JMeterThread: Thread finished: Load Test - Peak Load (50 Users) 1-45
2026-04-08 00:27:23,212 INFO o.a.j.t.JMeterThread: Thread started: Load Test - Peak Load (50 Users) 1-46
2026-04-08 00:27:23,460 INFO o.a.j.t.JMeterThread: Thread is done: Load Test - Peak Load (50 Users) 1-46
2026-04-08 00:27:23,460 INFO o.a.j.t.JMeterThread: Thread finished: Load Test - Peak Load (50 Users) 1-46
2026-04-08 00:27:24,412 INFO o.a.j.t.JMeterThread: Thread started: Load Test - Peak Load (50 Users) 1-47
2026-04-08 00:27:24,619 INFO o.a.j.t.JMeterThread: Thread is done: Load Test - Peak Load (50 Users) 1-47
2026-04-08 00:27:24,619 INFO o.a.j.t.JMeterThread: Thread finished: Load Test - Peak Load (50 Users) 1-47
2026-04-08 00:27:25,612 INFO o.a.j.t.JMeterThread: Thread started: Load Test - Peak Load (50 Users) 1-48
2026-04-08 00:27:25,863 INFO o.a.j.t.JMeterThread: Thread is done: Load Test - Peak Load (50 Users) 1-48
2026-04-08 00:27:25,863 INFO o.a.j.t.JMeterThread: Thread finished: Load Test - Peak Load (50 Users) 1-48
2026-04-08 00:27:26,812 INFO o.a.j.t.JMeterThread: Thread started: Load Test - Peak Load (50 Users) 1-49
2026-04-08 00:27:27,051 INFO o.a.j.t.JMeterThread: Thread is done: Load Test - Peak Load (50 Users) 1-49
2026-04-08 00:27:27,051 INFO o.a.j.t.JMeterThread: Thread finished: Load Test - Peak Load (50 Users) 1-49
2026-04-08 00:27:28,011 INFO o.a.j.t.JMeterThread: Thread started: Load Test - Peak Load (50 Users) 1-50
2026-04-08 00:27:28,250 INFO o.a.j.t.JMeterThread: Thread is done: Load Test - Peak Load (50 Users) 1-50
2026-04-08 00:27:28,250 INFO o.a.j.t.JMeterThread: Thread finished: Load Test - Peak Load (50 Users) 1-50
2026-04-08 00:27:30,015 INFO o.a.j.r.Summariser: Summary Report - Demo Endurance +    146 in 00:00:30 =    4.9/s Avg:    36 Min:    28 Max:   303 Err:     0 (0.00%) Active: 10 Started: 60 Finished: 50
2026-04-08 00:27:30,015 INFO o.a.j.r.Summariser: Summary Report - Demo Endurance =    227 in 00:01:01 =    3.7/s Avg:    37 Min:    28 Max:   303 Err:     0 (0.00%)
2026-04-08 00:28:00,020 INFO o.a.j.r.Summariser: Summary Report - Demo Endurance +    147 in 00:00:30 =    4.9/s Avg:    38 Min:    27 Max:   101 Err:     0 (0.00%) Active: 10 Started: 60 Finished: 50
2026-04-08 00:28:00,021 INFO o.a.j.r.Summariser: Summary Report - Demo Endurance =    374 in 00:01:31 =    4.1/s Avg:    38 Min:    27 Max:   303 Err:     0 (0.00%)
2026-04-08 00:28:30,101 INFO o.a.j.r.Summariser: Summary Report - Demo Endurance +    147 in 00:00:30 =    4.9/s Avg:    35 Min:    28 Max:    92 Err:     0 (0.00%) Active: 10 Started: 60 Finished: 50
2026-04-08 00:28:30,101 INFO o.a.j.r.Summariser: Summary Report - Demo Endurance =    521 in 00:02:01 =    4.3/s Avg:    37 Min:    27 Max:   303 Err:     0 (0.00%)
2026-04-08 00:29:00,062 INFO o.a.j.r.Summariser: Summary Report - Demo Endurance +    147 in 00:00:30 =    4.9/s Avg:    36 Min:    27 Max:   108 Err:     0 (0.00%) Active: 10 Started: 60 Finished: 50
2026-04-08 00:29:00,062 INFO o.a.j.r.Summariser: Summary Report - Demo Endurance =    668 in 00:02:31 =    4.4/s Avg:    37 Min:    27 Max:   303 Err:     0 (0.00%)
2026-04-08 00:29:30,350 INFO o.a.j.r.Summariser: Summary Report - Demo Endurance +    148 in 00:00:30 =    4.9/s Avg:    33 Min:    27 Max:    71 Err:     0 (0.00%) Active: 10 Started: 60 Finished: 50
2026-04-08 00:29:30,350 INFO o.a.j.r.Summariser: Summary Report - Demo Endurance =    816 in 00:03:01 =    4.5/s Avg:    36 Min:    27 Max:   303 Err:     0 (0.00%)
2026-04-08 00:30:00,157 INFO o.a.j.r.Summariser: Summary Report - Demo Endurance +    146 in 00:00:30 =    4.9/s Avg:    37 Min:    28 Max:   108 Err:     0 (0.00%) Active: 10 Started: 60 Finished: 50
2026-04-08 00:30:00,173 INFO o.a.j.r.Summariser: Summary Report - Demo Endurance =    962 in 00:03:31 =    4.6/s Avg:    36 Min:    27 Max:   303 Err:     0 (0.00%)
2026-04-08 00:30:30,340 INFO o.a.j.r.Summariser: Summary Report - Demo Endurance +    148 in 00:00:30 =    4.9/s Avg:    34 Min:    29 Max:    76 Err:     0 (0.00%) Active: 10 Started: 60 Finished: 50
2026-04-08 00:30:30,340 INFO o.a.j.r.Summariser: Summary Report - Demo Endurance =   1110 in 00:04:01 =    4.6/s Avg:    36 Min:    27 Max:   303 Err:     0 (0.00%)
2026-04-08 00:31:00,199 INFO o.a.j.r.Summariser: Summary Report - Demo Endurance +    146 in 00:00:30 =    4.9/s Avg:    39 Min:    28 Max:   142 Err:     0 (0.00%) Active: 10 Started: 60 Finished: 50
2026-04-08 00:31:00,199 INFO o.a.j.r.Summariser: Summary Report - Demo Endurance =   1256 in 00:04:31 =    4.6/s Avg:    36 Min:    27 Max:   303 Err:     0 (0.00%)
2026-04-08 00:31:27,633 INFO o.a.j.t.JMeterThread: Thread finished: Demo Endurance Test - 5 Min (Assignment Screenshots) 2-1
2026-04-08 00:31:27,832 INFO o.a.j.t.JMeterThread: Thread finished: Demo Endurance Test - 5 Min (Assignment Screenshots) 2-10
2026-04-08 00:31:27,956 INFO o.a.j.t.JMeterThread: Thread finished: Demo Endurance Test - 5 Min (Assignment Screenshots) 2-6
2026-04-08 00:31:28,141 INFO o.a.j.t.JMeterThread: Thread finished: Demo Endurance Test - 5 Min (Assignment Screenshots) 2-8
2026-04-08 00:31:28,183 INFO o.a.j.t.JMeterThread: Thread finished: Demo Endurance Test - 5 Min (Assignment Screenshots) 2-2
2026-04-08 00:31:28,248 INFO o.a.j.t.JMeterThread: Thread finished: Demo Endurance Test - 5 Min (Assignment Screenshots) 2-4
2026-04-08 00:31:28,795 INFO o.a.j.t.JMeterThread: Thread finished: Demo Endurance Test - 5 Min (Assignment Screenshots) 2-9
2026-04-08 00:31:28,912 INFO o.a.j.t.JMeterThread: Thread finished: Demo Endurance Test - 5 Min (Assignment Screenshots) 2-7
2026-04-08 00:31:29,058 INFO o.a.j.t.JMeterThread: Thread finished: Demo Endurance Test - 5 Min (Assignment Screenshots) 2-5
2026-04-08 00:31:29,213 INFO o.a.j.t.JMeterThread: Thread finished: Demo Endurance Test - 5 Min (Assignment Screenshots) 2-3
2026-04-08 00:31:29,213 INFO o.a.j.e.StandardJMeterEngine: Notifying test listeners of end of test
2026-04-08 00:31:29,213 INFO o.a.j.r.Summariser: Summary Report - Demo Endurance +    143 in 00:00:29 =    4.9/s Avg:    35 Min:    28 Max:   234 Err:     0 (0.00%) Active: 0 Started: 60 Finished: 60
2026-04-08 00:31:29,213 INFO o.a.j.r.Summariser: Summary Report - Demo Endurance =   1399 in 00:05:00 =    4.7/s Avg:    36 Min:    27 Max:   303 Err:     0 (0.00%)
2026-04-08 00:31:29,213 INFO o.a.j.r.Summariser: Summary Report - Load +    119 in 00:04:29 =    0.4/s Avg:    46 Min:    29 Max:   120 Err:     0 (0.00%) Active: 0 Started: 60 Finished: 60
2026-04-08 00:31:29,213 INFO o.a.j.r.Summariser: Summary Report - Load =    250 in 00:05:00 =    0.8/s Avg:    46 Min:    29 Max:   153 Err:     0 (0.00%)
2026-04-08 00:31:29,213 INFO o.a.j.g.u.JMeterMenuBar: setRunning(false, *local*)
2026-04-08 00:37:19,263 INFO o.a.j.e.StandardJMeterEngine: Running the test!
2026-04-08 00:37:19,263 INFO o.a.j.s.SampleEvent: List of sample_variables: []
2026-04-08 00:37:19,267 INFO o.a.j.g.u.JMeterMenuBar: setRunning(true, *local*)
2026-04-08 00:37:19,310 INFO o.a.j.e.StandardJMeterEngine: Starting ThreadGroup: 1 : Load Test - Peak Load (50 Users)
2026-04-08 00:37:19,310 INFO o.a.j.e.StandardJMeterEngine: Starting 50 threads for group Load Test - Peak Load (50 Users).
2026-04-08 00:37:19,310 INFO o.a.j.e.StandardJMeterEngine: Thread will continue on error
2026-04-08 00:37:19,310 INFO o.a.j.t.ThreadGroup: Starting thread group... number=1 threads=50 ramp-up=60 delayedStart=false
2026-04-08 00:37:19,310 INFO o.a.j.t.JMeterThread: Thread started: Load Test - Peak Load (50 Users) 1-1
2026-04-08 00:37:19,314 INFO o.a.j.t.ThreadGroup: Started thread group number 1
2026-04-08 00:37:19,316 INFO o.a.j.e.StandardJMeterEngine: Starting ThreadGroup: 2 : Demo Endurance Test - 5 Min (Assignment Screenshots)
2026-04-08 00:37:19,316 INFO o.a.j.e.StandardJMeterEngine: Starting 10 threads for group Demo Endurance Test - 5 Min (Assignment Screenshots).
2026-04-08 00:37:19,316 INFO o.a.j.e.StandardJMeterEngine: Thread will continue on error
2026-04-08 00:37:19,316 INFO o.a.j.t.ThreadGroup: Starting thread group... number=2 threads=10 ramp-up=30 delayedStart=false
2026-04-08 00:37:19,316 INFO o.a.j.t.ThreadGroup: Started thread group number 2
2026-04-08 00:37:19,316 INFO o.a.j.e.StandardJMeterEngine: All thread groups have been started
2026-04-08 00:37:19,316 INFO o.a.j.t.JMeterThread: Thread started: Demo Endurance Test - 5 Min (Assignment Screenshots) 2-1
2026-04-08 00:37:19,589 INFO o.a.j.t.JMeterThread: Thread is done: Load Test - Peak Load (50 Users) 1-1
2026-04-08 00:37:19,589 INFO o.a.j.t.JMeterThread: Thread finished: Load Test - Peak Load (50 Users) 1-1
2026-04-08 00:37:20,512 INFO o.a.j.t.JMeterThread: Thread started: Load Test - Peak Load (50 Users) 1-2
2026-04-08 00:37:20,791 INFO o.a.j.t.JMeterThread: Thread is done: Load Test - Peak Load (50 Users) 1-2
2026-04-08 00:37:20,791 INFO o.a.j.t.JMeterThread: Thread finished: Load Test - Peak Load (50 Users) 1-2
2026-04-08 00:37:21,711 INFO o.a.j.t.JMeterThread: Thread started: Load Test - Peak Load (50 Users) 1-3
2026-04-08 00:37:21,947 INFO o.a.j.t.JMeterThread: Thread is done: Load Test - Peak Load (50 Users) 1-3
2026-04-08 00:37:21,947 INFO o.a.j.t.JMeterThread: Thread finished: Load Test - Peak Load (50 Users) 1-3
2026-04-08 00:37:22,316 INFO o.a.j.t.JMeterThread: Thread started: Demo Endurance Test - 5 Min (Assignment Screenshots) 2-2
2026-04-08 00:37:22,911 INFO o.a.j.t.JMeterThread: Thread started: Load Test - Peak Load (50 Users) 1-4
2026-04-08 00:37:23,155 INFO o.a.j.t.JMeterThread: Thread is done: Load Test - Peak Load (50 Users) 1-4
2026-04-08 00:37:23,155 INFO o.a.j.t.JMeterThread: Thread finished: Load Test - Peak Load (50 Users) 1-4
2026-04-08 00:37:24,111 INFO o.a.j.t.JMeterThread: Thread started: Load Test - Peak Load (50 Users) 1-5
2026-04-08 00:37:24,357 INFO o.a.j.t.JMeterThread: Thread is done: Load Test - Peak Load (50 Users) 1-5
2026-04-08 00:37:24,357 INFO o.a.j.t.JMeterThread: Thread finished: Load Test - Peak Load (50 Users) 1-5
2026-04-08 00:37:25,310 INFO o.a.j.t.JMeterThread: Thread started: Load Test - Peak Load (50 Users) 1-6
2026-04-08 00:37:25,316 INFO o.a.j.t.JMeterThread: Thread started: Demo Endurance Test - 5 Min (Assignment Screenshots) 2-3
2026-04-08 00:37:25,532 INFO o.a.j.t.JMeterThread: Thread is done: Load Test - Peak Load (50 Users) 1-6
2026-04-08 00:37:25,532 INFO o.a.j.t.JMeterThread: Thread finished: Load Test - Peak Load (50 Users) 1-6
2026-04-08 00:37:26,511 INFO o.a.j.t.JMeterThread: Thread started: Load Test - Peak Load (50 Users) 1-7
2026-04-08 00:37:26,739 INFO o.a.j.t.JMeterThread: Thread is done: Load Test - Peak Load (50 Users) 1-7
2026-04-08 00:37:26,739 INFO o.a.j.t.JMeterThread: Thread finished: Load Test - Peak Load (50 Users) 1-7
2026-04-08 00:37:27,711 INFO o.a.j.t.JMeterThread: Thread started: Load Test - Peak Load (50 Users) 1-8
2026-04-08 00:37:27,928 INFO o.a.j.t.JMeterThread: Thread is done: Load Test - Peak Load (50 Users) 1-8
2026-04-08 00:37:27,928 INFO o.a.j.t.JMeterThread: Thread finished: Load Test - Peak Load (50 Users) 1-8
2026-04-08 00:37:28,316 INFO o.a.j.t.JMeterThread: Thread started: Demo Endurance Test - 5 Min (Assignment Screenshots) 2-4
2026-04-08 00:37:28,910 INFO o.a.j.t.JMeterThread: Thread started: Load Test - Peak Load (50 Users) 1-9
2026-04-08 00:37:29,148 INFO o.a.j.t.JMeterThread: Thread is done: Load Test - Peak Load (50 Users) 1-9
2026-04-08 00:37:29,148 INFO o.a.j.t.JMeterThread: Thread finished: Load Test - Peak Load (50 Users) 1-9
2026-04-08 00:37:30,111 INFO o.a.j.t.JMeterThread: Thread started: Load Test - Peak Load (50 Users) 1-10
2026-04-08 00:37:30,207 INFO o.a.j.r.Summariser: Summary Report - Load +     46 in 00:00:11 =    4.2/s Avg:    49 Min:    33 Max:   119 Err:     0 (0.00%) Active: 5 Started: 14 Finished: 9
2026-04-08 00:37:30,350 INFO o.a.j.t.JMeterThread: Thread is done: Load Test - Peak Load (50 Users) 1-10
2026-04-08 00:37:30,350 INFO o.a.j.t.JMeterThread: Thread finished: Load Test - Peak Load (50 Users) 1-10
2026-04-08 00:37:30,438 INFO o.a.j.r.Summariser: Summary Report - Demo Endurance +     11 in 00:00:11 =    1.0/s Avg:    75 Min:    30 Max:   237 Err:     0 (0.00%) Active: 4 Started: 14 Finished: 10
2026-04-08 00:37:31,311 INFO o.a.j.t.JMeterThread: Thread started: Load Test - Peak Load (50 Users) 1-11
2026-04-08 00:37:31,317 INFO o.a.j.t.JMeterThread: Thread started: Demo Endurance Test - 5 Min (Assignment Screenshots) 2-5
2026-04-08 00:37:31,543 INFO o.a.j.t.JMeterThread: Thread is done: Load Test - Peak Load (50 Users) 1-11
2026-04-08 00:37:31,543 INFO o.a.j.t.JMeterThread: Thread finished: Load Test - Peak Load (50 Users) 1-11
2026-04-08 00:37:32,510 INFO o.a.j.t.JMeterThread: Thread started: Load Test - Peak Load (50 Users) 1-12
2026-04-08 00:37:32,739 INFO o.a.j.t.JMeterThread: Thread is done: Load Test - Peak Load (50 Users) 1-12
2026-04-08 00:37:32,739 INFO o.a.j.t.JMeterThread: Thread finished: Load Test - Peak Load (50 Users) 1-12
2026-04-08 00:37:33,713 INFO o.a.j.t.JMeterThread: Thread started: Load Test - Peak Load (50 Users) 1-13
2026-04-08 00:37:33,936 INFO o.a.j.t.JMeterThread: Thread is done: Load Test - Peak Load (50 Users) 1-13
2026-04-08 00:37:33,936 INFO o.a.j.t.JMeterThread: Thread finished: Load Test - Peak Load (50 Users) 1-13
2026-04-08 00:37:34,317 INFO o.a.j.t.JMeterThread: Thread started: Demo Endurance Test - 5 Min (Assignment Screenshots) 2-6
2026-04-08 00:37:34,912 INFO o.a.j.t.JMeterThread: Thread started: Load Test - Peak Load (50 Users) 1-14
2026-04-08 00:37:35,155 INFO o.a.j.t.JMeterThread: Thread is done: Load Test - Peak Load (50 Users) 1-14
2026-04-08 00:37:35,155 INFO o.a.j.t.JMeterThread: Thread finished: Load Test - Peak Load (50 Users) 1-14
2026-04-08 00:37:36,111 INFO o.a.j.t.JMeterThread: Thread started: Load Test - Peak Load (50 Users) 1-15
2026-04-08 00:37:36,342 INFO o.a.j.t.JMeterThread: Thread is done: Load Test - Peak Load (50 Users) 1-15
2026-04-08 00:37:36,342 INFO o.a.j.t.JMeterThread: Thread finished: Load Test - Peak Load (50 Users) 1-15
2026-04-08 00:37:37,315 INFO o.a.j.t.JMeterThread: Thread started: Load Test - Peak Load (50 Users) 1-16
2026-04-08 00:37:37,317 INFO o.a.j.t.JMeterThread: Thread started: Demo Endurance Test - 5 Min (Assignment Screenshots) 2-7
2026-04-08 00:37:37,528 INFO o.a.j.t.JMeterThread: Thread is done: Load Test - Peak Load (50 Users) 1-16
2026-04-08 00:37:37,528 INFO o.a.j.t.JMeterThread: Thread finished: Load Test - Peak Load (50 Users) 1-16
2026-04-08 00:37:38,516 INFO o.a.j.t.JMeterThread: Thread started: Load Test - Peak Load (50 Users) 1-17
2026-04-08 00:37:38,744 INFO o.a.j.t.JMeterThread: Thread is done: Load Test - Peak Load (50 Users) 1-17
2026-04-08 00:37:38,744 INFO o.a.j.t.JMeterThread: Thread finished: Load Test - Peak Load (50 Users) 1-17
2026-04-08 00:37:39,715 INFO o.a.j.t.JMeterThread: Thread started: Load Test - Peak Load (50 Users) 1-18
2026-04-08 00:37:39,935 INFO o.a.j.t.JMeterThread: Thread is done: Load Test - Peak Load (50 Users) 1-18
2026-04-08 00:37:39,935 INFO o.a.j.t.JMeterThread: Thread finished: Load Test - Peak Load (50 Users) 1-18
2026-04-08 00:37:40,319 INFO o.a.j.t.JMeterThread: Thread started: Demo Endurance Test - 5 Min (Assignment Screenshots) 2-8
2026-04-08 00:37:40,921 INFO o.a.j.t.JMeterThread: Thread started: Load Test - Peak Load (50 Users) 1-19
2026-04-08 00:37:41,149 INFO o.a.j.t.JMeterThread: Thread is done: Load Test - Peak Load (50 Users) 1-19
2026-04-08 00:37:41,149 INFO o.a.j.t.JMeterThread: Thread finished: Load Test - Peak Load (50 Users) 1-19
2026-04-08 00:37:42,118 INFO o.a.j.t.JMeterThread: Thread started: Load Test - Peak Load (50 Users) 1-20
2026-04-08 00:37:42,353 INFO o.a.j.t.JMeterThread: Thread is done: Load Test - Peak Load (50 Users) 1-20
2026-04-08 00:37:42,353 INFO o.a.j.t.JMeterThread: Thread finished: Load Test - Peak Load (50 Users) 1-20
2026-04-08 00:37:43,319 INFO o.a.j.t.JMeterThread: Thread started: Demo Endurance Test - 5 Min (Assignment Screenshots) 2-9
2026-04-08 00:37:43,328 INFO o.a.j.t.JMeterThread: Thread started: Load Test - Peak Load (50 Users) 1-21
2026-04-08 00:37:43,579 INFO o.a.j.t.JMeterThread: Thread is done: Load Test - Peak Load (50 Users) 1-21
2026-04-08 00:37:43,579 INFO o.a.j.t.JMeterThread: Thread finished: Load Test - Peak Load (50 Users) 1-21
2026-04-08 00:37:44,515 INFO o.a.j.t.JMeterThread: Thread started: Load Test - Peak Load (50 Users) 1-22
2026-04-08 00:37:44,773 INFO o.a.j.t.JMeterThread: Thread is done: Load Test - Peak Load (50 Users) 1-22
2026-04-08 00:37:44,773 INFO o.a.j.t.JMeterThread: Thread finished: Load Test - Peak Load (50 Users) 1-22
2026-04-08 00:37:45,718 INFO o.a.j.t.JMeterThread: Thread started: Load Test - Peak Load (50 Users) 1-23
2026-04-08 00:37:45,956 INFO o.a.j.t.JMeterThread: Thread is done: Load Test - Peak Load (50 Users) 1-23
2026-04-08 00:37:45,956 INFO o.a.j.t.JMeterThread: Thread finished: Load Test - Peak Load (50 Users) 1-23
2026-04-08 00:37:46,317 INFO o.a.j.t.JMeterThread: Thread started: Demo Endurance Test - 5 Min (Assignment Screenshots) 2-10
2026-04-08 00:37:46,916 INFO o.a.j.t.JMeterThread: Thread started: Load Test - Peak Load (50 Users) 1-24
2026-04-08 00:37:47,142 INFO o.a.j.t.JMeterThread: Thread is done: Load Test - Peak Load (50 Users) 1-24
2026-04-08 00:37:47,142 INFO o.a.j.t.JMeterThread: Thread finished: Load Test - Peak Load (50 Users) 1-24
2026-04-08 00:37:48,111 INFO o.a.j.t.JMeterThread: Thread started: Load Test - Peak Load (50 Users) 1-25
2026-04-08 00:37:48,329 INFO o.a.j.t.JMeterThread: Thread is done: Load Test - Peak Load (50 Users) 1-25
2026-04-08 00:37:48,329 INFO o.a.j.t.JMeterThread: Thread finished: Load Test - Peak Load (50 Users) 1-25
2026-04-08 00:37:49,312 INFO o.a.j.t.JMeterThread: Thread started: Load Test - Peak Load (50 Users) 1-26
2026-04-08 00:37:49,558 INFO o.a.j.t.JMeterThread: Thread is done: Load Test - Peak Load (50 Users) 1-26
2026-04-08 00:37:49,558 INFO o.a.j.t.JMeterThread: Thread finished: Load Test - Peak Load (50 Users) 1-26
2026-04-08 00:37:50,510 INFO o.a.j.t.JMeterThread: Thread started: Load Test - Peak Load (50 Users) 1-27
2026-04-08 00:37:50,764 INFO o.a.j.t.JMeterThread: Thread is done: Load Test - Peak Load (50 Users) 1-27
2026-04-08 00:37:50,764 INFO o.a.j.t.JMeterThread: Thread finished: Load Test - Peak Load (50 Users) 1-27
2026-04-08 00:37:51,712 INFO o.a.j.t.JMeterThread: Thread started: Load Test - Peak Load (50 Users) 1-28
2026-04-08 00:37:51,924 INFO o.a.j.t.JMeterThread: Thread is done: Load Test - Peak Load (50 Users) 1-28
2026-04-08 00:37:51,924 INFO o.a.j.t.JMeterThread: Thread finished: Load Test - Peak Load (50 Users) 1-28
2026-04-08 00:37:52,910 INFO o.a.j.t.JMeterThread: Thread started: Load Test - Peak Load (50 Users) 1-29
2026-04-08 00:37:53,125 INFO o.a.j.t.JMeterThread: Thread is done: Load Test - Peak Load (50 Users) 1-29
2026-04-08 00:37:53,125 INFO o.a.j.t.JMeterThread: Thread finished: Load Test - Peak Load (50 Users) 1-29
2026-04-08 00:37:54,111 INFO o.a.j.t.JMeterThread: Thread started: Load Test - Peak Load (50 Users) 1-30
2026-04-08 00:37:54,364 INFO o.a.j.t.JMeterThread: Thread is done: Load Test - Peak Load (50 Users) 1-30
2026-04-08 00:37:54,364 INFO o.a.j.t.JMeterThread: Thread finished: Load Test - Peak Load (50 Users) 1-30
2026-04-08 00:37:55,311 INFO o.a.j.t.JMeterThread: Thread started: Load Test - Peak Load (50 Users) 1-31
2026-04-08 00:37:55,548 INFO o.a.j.t.JMeterThread: Thread is done: Load Test - Peak Load (50 Users) 1-31
2026-04-08 00:37:55,548 INFO o.a.j.t.JMeterThread: Thread finished: Load Test - Peak Load (50 Users) 1-31
2026-04-08 00:37:56,511 INFO o.a.j.t.JMeterThread: Thread started: Load Test - Peak Load (50 Users) 1-32
2026-04-08 00:37:56,749 INFO o.a.j.t.JMeterThread: Thread is done: Load Test - Peak Load (50 Users) 1-32
2026-04-08 00:37:56,749 INFO o.a.j.t.JMeterThread: Thread finished: Load Test - Peak Load (50 Users) 1-32
2026-04-08 00:37:57,712 INFO o.a.j.t.JMeterThread: Thread started: Load Test - Peak Load (50 Users) 1-33
2026-04-08 00:37:57,936 INFO o.a.j.t.JMeterThread: Thread is done: Load Test - Peak Load (50 Users) 1-33
2026-04-08 00:37:57,936 INFO o.a.j.t.JMeterThread: Thread finished: Load Test - Peak Load (50 Users) 1-33
2026-04-08 00:37:58,914 INFO o.a.j.t.JMeterThread: Thread started: Load Test - Peak Load (50 Users) 1-34
2026-04-08 00:37:59,143 INFO o.a.j.t.JMeterThread: Thread is done: Load Test - Peak Load (50 Users) 1-34
2026-04-08 00:37:59,143 INFO o.a.j.t.JMeterThread: Thread finished: Load Test - Peak Load (50 Users) 1-34
2026-04-08 00:38:00,122 INFO o.a.j.t.JMeterThread: Thread started: Load Test - Peak Load (50 Users) 1-35
2026-04-08 00:38:00,220 INFO o.a.j.r.Summariser: Summary Report - Load +    125 in 00:00:30 =    4.2/s Avg:    46 Min:    28 Max:   117 Err:     0 (0.00%) Active: 11 Started: 45 Finished: 34
2026-04-08 00:38:00,220 INFO o.a.j.r.Summariser: Summary Report - Load =    171 in 00:00:41 =    4.2/s Avg:    47 Min:    28 Max:   119 Err:     0 (0.00%)
2026-04-08 00:38:00,340 INFO o.a.j.r.Summariser: Summary Report - Demo Endurance +    119 in 00:00:30 =    4.0/s Avg:    38 Min:    28 Max:   178 Err:     0 (0.00%) Active: 11 Started: 45 Finished: 34
2026-04-08 00:38:00,340 INFO o.a.j.r.Summariser: Summary Report - Demo Endurance =    130 in 00:00:41 =    3.2/s Avg:    41 Min:    28 Max:   237 Err:     0 (0.00%)
2026-04-08 00:38:00,389 INFO o.a.j.t.JMeterThread: Thread is done: Load Test - Peak Load (50 Users) 1-35
2026-04-08 00:38:00,389 INFO o.a.j.t.JMeterThread: Thread finished: Load Test - Peak Load (50 Users) 1-35
2026-04-08 00:38:01,310 INFO o.a.j.t.JMeterThread: Thread started: Load Test - Peak Load (50 Users) 1-36
2026-04-08 00:38:01,554 INFO o.a.j.t.JMeterThread: Thread is done: Load Test - Peak Load (50 Users) 1-36
2026-04-08 00:38:01,554 INFO o.a.j.t.JMeterThread: Thread finished: Load Test - Peak Load (50 Users) 1-36
2026-04-08 00:38:02,519 INFO o.a.j.t.JMeterThread: Thread started: Load Test - Peak Load (50 Users) 1-37
2026-04-08 00:38:02,726 INFO o.a.j.t.JMeterThread: Thread is done: Load Test - Peak Load (50 Users) 1-37
2026-04-08 00:38:02,726 INFO o.a.j.t.JMeterThread: Thread finished: Load Test - Peak Load (50 Users) 1-37
2026-04-08 00:38:03,713 INFO o.a.j.t.JMeterThread: Thread started: Load Test - Peak Load (50 Users) 1-38
2026-04-08 00:38:03,951 INFO o.a.j.t.JMeterThread: Thread is done: Load Test - Peak Load (50 Users) 1-38
2026-04-08 00:38:03,951 INFO o.a.j.t.JMeterThread: Thread finished: Load Test - Peak Load (50 Users) 1-38
2026-04-08 00:38:04,915 INFO o.a.j.t.JMeterThread: Thread started: Load Test - Peak Load (50 Users) 1-39
2026-04-08 00:38:05,152 INFO o.a.j.t.JMeterThread: Thread is done: Load Test - Peak Load (50 Users) 1-39
2026-04-08 00:38:05,152 INFO o.a.j.t.JMeterThread: Thread finished: Load Test - Peak Load (50 Users) 1-39
2026-04-08 00:38:06,116 INFO o.a.j.t.JMeterThread: Thread started: Load Test - Peak Load (50 Users) 1-40
2026-04-08 00:38:06,352 INFO o.a.j.t.JMeterThread: Thread is done: Load Test - Peak Load (50 Users) 1-40
2026-04-08 00:38:06,352 INFO o.a.j.t.JMeterThread: Thread finished: Load Test - Peak Load (50 Users) 1-40
2026-04-08 00:38:07,318 INFO o.a.j.t.JMeterThread: Thread started: Load Test - Peak Load (50 Users) 1-41
2026-04-08 00:38:07,571 INFO o.a.j.t.JMeterThread: Thread is done: Load Test - Peak Load (50 Users) 1-41
2026-04-08 00:38:07,571 INFO o.a.j.t.JMeterThread: Thread finished: Load Test - Peak Load (50 Users) 1-41
2026-04-08 00:38:08,520 INFO o.a.j.t.JMeterThread: Thread started: Load Test - Peak Load (50 Users) 1-42
2026-04-08 00:38:08,745 INFO o.a.j.t.JMeterThread: Thread is done: Load Test - Peak Load (50 Users) 1-42
2026-04-08 00:38:08,745 INFO o.a.j.t.JMeterThread: Thread finished: Load Test - Peak Load (50 Users) 1-42
2026-04-08 00:38:09,727 INFO o.a.j.t.JMeterThread: Thread started: Load Test - Peak Load (50 Users) 1-43
2026-04-08 00:38:09,955 INFO o.a.j.t.JMeterThread: Thread is done: Load Test - Peak Load (50 Users) 1-43
2026-04-08 00:38:09,955 INFO o.a.j.t.JMeterThread: Thread finished: Load Test - Peak Load (50 Users) 1-43
2026-04-08 00:38:10,913 INFO o.a.j.t.JMeterThread: Thread started: Load Test - Peak Load (50 Users) 1-44
2026-04-08 00:38:11,136 INFO o.a.j.t.JMeterThread: Thread is done: Load Test - Peak Load (50 Users) 1-44
2026-04-08 00:38:11,136 INFO o.a.j.t.JMeterThread: Thread finished: Load Test - Peak Load (50 Users) 1-44
2026-04-08 00:38:12,119 INFO o.a.j.t.JMeterThread: Thread started: Load Test - Peak Load (50 Users) 1-45
2026-04-08 00:38:12,375 INFO o.a.j.t.JMeterThread: Thread is done: Load Test - Peak Load (50 Users) 1-45
2026-04-08 00:38:12,375 INFO o.a.j.t.JMeterThread: Thread finished: Load Test - Peak Load (50 Users) 1-45
2026-04-08 00:38:13,314 INFO o.a.j.t.JMeterThread: Thread started: Load Test - Peak Load (50 Users) 1-46
2026-04-08 00:38:13,538 INFO o.a.j.t.JMeterThread: Thread is done: Load Test - Peak Load (50 Users) 1-46
2026-04-08 00:38:13,538 INFO o.a.j.t.JMeterThread: Thread finished: Load Test - Peak Load (50 Users) 1-46
2026-04-08 00:38:14,512 INFO o.a.j.t.JMeterThread: Thread started: Load Test - Peak Load (50 Users) 1-47
2026-04-08 00:38:14,739 INFO o.a.j.t.JMeterThread: Thread is done: Load Test - Peak Load (50 Users) 1-47
2026-04-08 00:38:14,739 INFO o.a.j.t.JMeterThread: Thread finished: Load Test - Peak Load (50 Users) 1-47
2026-04-08 00:38:15,717 INFO o.a.j.t.JMeterThread: Thread started: Load Test - Peak Load (50 Users) 1-48
2026-04-08 00:38:15,984 INFO o.a.j.t.JMeterThread: Thread is done: Load Test - Peak Load (50 Users) 1-48
2026-04-08 00:38:15,984 INFO o.a.j.t.JMeterThread: Thread finished: Load Test - Peak Load (50 Users) 1-48
2026-04-08 00:38:16,914 INFO o.a.j.t.JMeterThread: Thread started: Load Test - Peak Load (50 Users) 1-49
2026-04-08 00:38:17,122 INFO o.a.j.t.JMeterThread: Thread is done: Load Test - Peak Load (50 Users) 1-49
2026-04-08 00:38:17,122 INFO o.a.j.t.JMeterThread: Thread finished: Load Test - Peak Load (50 Users) 1-49
2026-04-08 00:38:18,120 INFO o.a.j.t.JMeterThread: Thread started: Load Test - Peak Load (50 Users) 1-50
2026-04-08 00:38:18,345 INFO o.a.j.t.JMeterThread: Thread is done: Load Test - Peak Load (50 Users) 1-50
2026-04-08 00:38:18,345 INFO o.a.j.t.JMeterThread: Thread finished: Load Test - Peak Load (50 Users) 1-50
2026-04-08 00:38:30,352 INFO o.a.j.r.Summariser: Summary Report - Demo Endurance +    146 in 00:00:30 =    4.9/s Avg:    35 Min:    28 Max:   109 Err:     0 (0.00%) Active: 10 Started: 60 Finished: 50
2026-04-08 00:38:30,352 INFO o.a.j.r.Summariser: Summary Report - Demo Endurance =    276 in 00:01:11 =    3.9/s Avg:    38 Min:    28 Max:   237 Err:     0 (0.00%)
2026-04-08 00:39:00,069 INFO o.a.j.r.Summariser: Summary Report - Demo Endurance +    146 in 00:00:30 =    4.9/s Avg:    36 Min:    28 Max:   101 Err:     0 (0.00%) Active: 10 Started: 60 Finished: 50
2026-04-08 00:39:00,069 INFO o.a.j.r.Summariser: Summary Report - Demo Endurance =    422 in 00:01:41 =    4.2/s Avg:    37 Min:    28 Max:   237 Err:     0 (0.00%)
2026-04-08 00:39:30,354 INFO o.a.j.r.Summariser: Summary Report - Demo Endurance +    148 in 00:00:30 =    4.9/s Avg:    36 Min:    29 Max:   214 Err:     0 (0.00%) Active: 10 Started: 60 Finished: 50
2026-04-08 00:39:30,355 INFO o.a.j.r.Summariser: Summary Report - Demo Endurance =    570 in 00:02:11 =    4.3/s Avg:    37 Min:    28 Max:   237 Err:     0 (0.00%)
2026-04-08 00:40:00,257 INFO o.a.j.r.Summariser: Summary Report - Demo Endurance +    146 in 00:00:30 =    4.9/s Avg:    36 Min:    28 Max:    90 Err:     0 (0.00%) Active: 10 Started: 60 Finished: 50
2026-04-08 00:40:00,257 INFO o.a.j.r.Summariser: Summary Report - Demo Endurance =    716 in 00:02:41 =    4.4/s Avg:    37 Min:    28 Max:   237 Err:     0 (0.00%)
2026-04-08 00:40:30,033 INFO o.a.j.r.Summariser: Summary Report - Demo Endurance +    147 in 00:00:30 =    4.9/s Avg:    35 Min:    28 Max:   104 Err:     0 (0.00%) Active: 10 Started: 60 Finished: 50
2026-04-08 00:40:30,033 INFO o.a.j.r.Summariser: Summary Report - Demo Endurance =    863 in 00:03:11 =    4.5/s Avg:    36 Min:    28 Max:   237 Err:     0 (0.00%)
2026-04-08 00:41:00,137 INFO o.a.j.r.Summariser: Summary Report - Demo Endurance +    147 in 00:00:30 =    4.9/s Avg:    39 Min:    28 Max:   596 Err:     0 (0.00%) Active: 10 Started: 60 Finished: 50
2026-04-08 00:41:00,137 INFO o.a.j.r.Summariser: Summary Report - Demo Endurance =   1010 in 00:03:41 =    4.6/s Avg:    37 Min:    28 Max:   596 Err:     0 (0.00%)
2026-04-08 00:41:30,317 INFO o.a.j.r.Summariser: Summary Report - Demo Endurance +    146 in 00:00:30 =    4.8/s Avg:    44 Min:    27 Max:   222 Err:     0 (0.00%) Active: 10 Started: 60 Finished: 50
2026-04-08 00:41:30,317 INFO o.a.j.r.Summariser: Summary Report - Demo Endurance =   1156 in 00:04:11 =    4.6/s Avg:    38 Min:    27 Max:   596 Err:     0 (0.00%)
2026-04-08 00:42:00,029 INFO o.a.j.r.Summariser: Summary Report - Demo Endurance +    146 in 00:00:30 =    4.9/s Avg:    39 Min:    29 Max:   196 Err:     0 (0.00%) Active: 10 Started: 60 Finished: 50
2026-04-08 00:42:00,029 INFO o.a.j.r.Summariser: Summary Report - Demo Endurance =   1302 in 00:04:41 =    4.6/s Avg:    38 Min:    27 Max:   596 Err:     0 (0.00%)
2026-04-08 00:42:17,365 INFO o.a.j.t.JMeterThread: Thread finished: Demo Endurance Test - 5 Min (Assignment Screenshots) 2-5
2026-04-08 00:42:17,556 INFO o.a.j.t.JMeterThread: Thread finished: Demo Endurance Test - 5 Min (Assignment Screenshots) 2-3
2026-04-08 00:42:17,985 INFO o.a.j.t.JMeterThread: Thread finished: Demo Endurance Test - 5 Min (Assignment Screenshots) 2-1
2026-04-08 00:42:18,064 INFO o.a.j.t.JMeterThread: Thread finished: Demo Endurance Test - 5 Min (Assignment Screenshots) 2-10
2026-04-08 00:42:18,398 INFO o.a.j.t.JMeterThread: Thread finished: Demo Endurance Test - 5 Min (Assignment Screenshots) 2-2
2026-04-08 00:42:18,398 INFO o.a.j.t.JMeterThread: Thread finished: Demo Endurance Test - 5 Min (Assignment Screenshots) 2-6
2026-04-08 00:42:18,672 INFO o.a.j.t.JMeterThread: Thread finished: Demo Endurance Test - 5 Min (Assignment Screenshots) 2-8
2026-04-08 00:42:18,734 INFO o.a.j.t.JMeterThread: Thread finished: Demo Endurance Test - 5 Min (Assignment Screenshots) 2-4
2026-04-08 00:42:19,247 INFO o.a.j.t.JMeterThread: Thread finished: Demo Endurance Test - 5 Min (Assignment Screenshots) 2-9
2026-04-08 00:42:19,358 INFO o.a.j.t.JMeterThread: Stopping because end time detected by thread: Demo Endurance Test - 5 Min (Assignment Screenshots) 2-7
2026-04-08 00:42:19,358 INFO o.a.j.t.JMeterThread: Thread finished: Demo Endurance Test - 5 Min (Assignment Screenshots) 2-7
2026-04-08 00:42:19,358 INFO o.a.j.e.StandardJMeterEngine: Notifying test listeners of end of test
2026-04-08 00:42:19,358 INFO o.a.j.r.Summariser: Summary Report - Demo Endurance +     95 in 00:00:19 =    4.9/s Avg:    33 Min:    28 Max:    49 Err:     0 (0.00%) Active: 0 Started: 60 Finished: 60
2026-04-08 00:42:19,358 INFO o.a.j.r.Summariser: Summary Report - Demo Endurance =   1397 in 00:05:00 =    4.7/s Avg:    38 Min:    27 Max:   596 Err:     0 (0.00%)
2026-04-08 00:42:19,358 INFO o.a.j.r.Summariser: Summary Report - Load +     79 in 00:04:19 =    0.3/s Avg:    46 Min:    29 Max:   101 Err:     0 (0.00%) Active: 0 Started: 60 Finished: 60
2026-04-08 00:42:19,358 INFO o.a.j.r.Summariser: Summary Report - Load =    250 in 00:05:00 =    0.8/s Avg:    47 Min:    28 Max:   119 Err:     0 (0.00%)
2026-04-08 00:42:19,358 INFO o.a.j.g.u.JMeterMenuBar: setRunning(false, *local*)
